,Title,Smiles
0,AN-153/J102310,O=C1NC(N2CCCCC2)=NC2=C1C(C1=C\C=C3\C=CC=C\C3=C\1)=CC=N2
1,AT-225/JK10309,CCOC(=O)C1=C(O)C2=CC(F)=C(N3CCN(C(C)=O)CC3)N=C2N=C1
2,AT-225/JK07514,CCN(CC)C1=N/C=N/C2=C\1NC1=C2C=C(OC)C=C1
3,AT-225/JK07488,COC1=CC2=C(C=C1)NC1=C2/N=C\N=C\1N1CCCCC1
4,AT-225/NB48356,COC1=CC2=C(C=C1)C1=NC3=CC=CC=C3C(N3CCOCC3)=C1CC2
5,AT-225/NB47209,COC1=CC2=C(C=C1)C1=NC3=CC=CC=C3C(N3CCOCC3)=C1CC2
6,AT-225/JK06946,COC1=CC2=C(C=C1)C1=C(CC2)C(N2CCOCC2)=C2C=CC=CC2=N1
7,AT-687/PE25854,CCOC1=C(OCC)C=C(C2=CSC3=C2N=C(N2CCN(C4=CC=CC=C4F)CC2)NC3=O)C=C1
8,AT-687/SK17411,CCOC(=O)C1CCN(C2=C(C#N)C=N/C3=C\C=C(F)/C=C\23)CC1
9,AT-687/SK17429,N#CC1=C(N2CCC(C(=O)O)CC2)C2=C/C(F)=C\C=C\2N=C1
10,AT-687/NB06792,O=S(=O)(C1=CC=C(F)C=C1)C1=C(\N2CCC(N3CCCCC3)CC2)C2=CC=CC(F)=C2/N=C\1
11,AT-687/NB06795,O=S(=O)(C1=CC=C(F)C=C1)C1=C(\N2CCC(CN3CCCC3)CC2)C2=CC=CC(F)=C2/N=C\1
12,AT-687/PE25811,O=S(=O)(C1=CC=C(F)C=C1)C1=C(\C2=CC(F)=CC=C2)C2=CC(Cl)=CC(F)=C2/N=C\1
13,AN-153/J107084,O=C1NC(N2CCCCC2)=NC2=C1C(C1=C\C=C3\OCO\C3=C\1)=CC=N2
14,AN-153/J107076,O=C1NC(N2CCOCC2)=NC2=C1C(C1=C\C=C3\OCO\C3=C\1)=CC=N2
15,AT-138/QI01021,FC1=C(N2CCCC2)N=C(N/N=C\C2=C\C3=C(/C=C\2)OCO3)N=C1
16,AT-225/JK06945,COC1=CC2=C(C=C1)C1=C(CC2)C(N2CCN(C)CC2)=C2C=CC=CC2=N1
17,AT-225/NB48355,COC1=CC2=C(C=C1)C1=NC3=CC=CC=C3C(N3CCN(C)CC3)=C1CC2
18,AT-687/SK17441,COC1=CC=C2C(=C1)N=CC(C#N)=C2N1CCC(C(=O)O)CC1
19,AN-153/NB25804,CN1CCN(C2=NC3=NC=CC(C4=C/C5=C(\C=C/4)OCO5)=C3C(=O)N2)CC1
20,AT-819/OC12801,CC(C)(C)OC1=CC2=C(C=C1)NC(=O)N=C2C1=CC=CC=C1F
21,AT-225/JK13034,OC1=CC2=C(C=C1)C1=C(/C=C\2)C2=C(/C=N\N2)CC1
22,AN-153/J103479,O=C1NC(N2CCOCC2)=NC2=C1C(C1=CC=C(F)C=C1)=CC=N2
23,AT-687/PE13102,O=S(=O)(C1=CC(F)=CC(F)=C1)C1=C(\C2=CC=C(F)C=C2)C2=C(\N=C/1)C(F)=CC=C2
24,AT-687/PE25900,O=C1NC(N2CCN(C3=CC=CC=C3F)CC2)=NC2=C1SC=C2C1=CC(Cl)=C(Cl)C=C1
25,AT-687/PE27681,CCOC(=O)C1CCN(C2=C(C#N)C=NC3=C2C=CC(OC)=C3)CC1
26,AT-687/PE25833,CC1=CC(C2=CSC3=C2N=C(N2CCN(C4=CC=CC=C4F)CC2)NC3=O)=CC=C1
27,AT-687/PE25861,O=C1NC(N2CCN(C3=CC=CC=C3F)CC2)=NC2=C1SC=C2C1=CC(F)=CC=C1
28,AT-687/PE13101,O=S(=O)(C1=CC(Cl)=CC(Cl)=C1)C1=C(\C2=CC=C(F)C=C2)C2=C(\N=C/1)C(F)=CC=C2
29,AT-687/NB06794,O=S(=O)(C1=CC=CC(F)=C1)C1=C(\N2CCCCC2CCN2CCOCC2)C2=CC=CC(F)=C2/N=C\1
30,AN-153/J102306,O=C1NC(N2CCOCC2)=NC2=C1C(C1=C3C=CC=CC3=CC=C1)=CC=N2
31,AT-687/SK17415,N#CC1=C(N2CCC(C(=O)NC3=C(F)C=CC(Cl)=C3)CC2)C2=CC=CC=C2N=C1
32,AT-687/NB06793,O=S(=O)(C1=CC=C(F)C=C1)C1=C(\N2CCCCC2CCN2CCOCC2)C2=CC=CC(F)=C2/N=C\1
33,AT-225/NB32526,O=[N+]([O-])C1=CC=C2C(=C1)/N=C(/C1=CC=CC(O)=C1)C1=C2C=CC([N+](=O)[O-])=C1
34,AT-138/QI00258,COC1=CC=C(NC2=NC(N3CCOCC3)=C(F)C=N2)C=C1
35,AT-687/PE25884,O=C1NC(N2CCN(C3=CC=CC=C3F)CC2)=NC2=C1SC=C2C1=CC(Cl)=CC=C1
36,AN-153/NB22716,CC1=CC2=C(/N=C(NC3=NC(C4=CN=C(N5CCOCC5)N=C4C)=CC(=O)N3)\N=C/2C)C(C)=C1
37,AT-687/PE25914,O=C1NC(N2CCC(C(=O)NCC3=C(F)C=C(F)C=C3)CC2)=NC2=C1SC=C2C1=C(F)C=CC=C1
38,AN-153/NB22718,CCOC1=CC2=C(C=C1)N=C(NC1=NC(C3=CN=C(N4CCOCC4)N=C3C)=CC(=O)N1)N=C2C
39,AT-687/SK06467,CC1=C(C)C=C(C2=NN=C(N3CCN(C4=CC(C(F)(F)F)=CC=C4)CC3)C3=C2C=CC=C3)C=C1
40,AT-687/SK17414,CCC1=CC=C(NC(=O)C2CCN(C3=C(C#N)C=NC4=CC(OC)=CC=C43)CC2)C=C1
41,AT-687/NB05220,CCOC(=O)C1CCN(C2=C(C#N)C=N/C3=C\C=C(C)/C=C\23)CC1
42,AT-138/QI01024,CC1CC2=C(/C=C\C(\C=N/NC3=NC(N4CCCC4)=C(F)C=N3)=C/2)O1
43,AT-687/SK17479,CC1=CC=C(C2=NNC3=C2/C=N\C2=C\C4=C(/C=C32)OCCO4)C=C1C
44,AN-153/J107083,COC1=CC=C(C2=CC=NC3=C2C(=O)NC(N2CCCCC2)=N3)C=C1OC
45,AT-687/PE25858,O=C1NC(N2CCN(C3=C(F)C=CC=C3)CC2)=NC2=C1SC=C2C1=C(F)C=CC=C1
46,AT-687/SK17905,CCOC(=O)C1CCN(C2=C(C#N)C=N/C3=C\C=C(Cl)/C=C\23)CC1
47,AT-687/NB06807,CS(=O)(=O)N1CCN(/C2=C(S(=O)(=O)C3=CC(F)=CC(F)=C3)/C=N\C3=CC=C(F)C=C32)CC1
48,AN-153/NB22781,CCOC1=CC=C2N=C(NC3=NC(C4=CN=C(N5CCCC5)N=C4C)=CC(=O)N3)N=C(C)C2=C1
49,AT-687/PE13104,O=S(=O)(C1=CC=C(F)C(F)=C1)C1=C(\C2=CC=C(Cl)C=C2)C2=C(\N=C/1)C(F)=CC=C2
50,AT-687/PE25870,O=C1NC(N2CCN(C3=CC=CC=C3F)CC2)=NC2=C1SC=C2C1=CC=C(F)C=C1
51,AN-153/J102308,COC1=CC=CC(C2=CC=NC3=C2C(=O)NC(N2CCOCC2)=N3)=C1
52,AT-687/PE35213,CC1=C/C2=C(N3CCC(C(=O)O)CC3)C(C#N)=CN=C2/C=C\1
53,AT-687/PE27527,N#CC1=CN=C2/C=C\C(Cl)=C/C2=C1N1CCC(C(=O)O)CC1
54,AN-153/NB22717,COC1=CC2=C(C=C1)N=C(NC1=NC(C3=CN=C(N4CCOCC4)N=C3C)=CC(=O)N1)N=C2C
55,AT-687/PE25864,CC1=CC=C(Cl)C=C1N1CCN(C2=NC3=C(SC=C3C3=CC(F)=CC=C3)C(=O)N2)CC1
56,AT-225/NB31025,NC1=C2\C(=O)OC3=C(C=CC=C3)\C2=N\C(C2=CC3=C(C=CC=C3)OC2=O)=N\1
57,AN-153/J103477,O=C1NC(N2CCOCC2)=NC2=C1C(C1=CC([N+](=O)[O-])=CC=C1)=CC=N2
58,AN-153/NB22740,CCOC1=CC2=C(C=C1)N=C(NC1=NC(C3=CN=C(N4CCCCC4)N=C3C)=CC(=O)N1)N=C2C
59,AN-153/J110173,COC1=CC(C2=CC=NC3=C2C(=O)NC(N2CCCC2)=N3)=CC=C1
60,AT-687/NB06799,COCC1CCN(/C2=C(S(=O)(=O)C3=CC(F)=CC(F)=C3)/C=N\C3=CC=C(F)C=C32)CC1
61,AT-225/NB47216,C1=CC=C2/C=C(C3=NC4=CC=CC=C4C(N4CCOCC4)=C3)\C=C/C2=C1
62,AT-225/JK06935,C1=CC=C2/C=C(C3=CC(N4CCOCC4)=C4C=CC=CC4=N3)\C=C/C2=C1
63,AT-225/JK07151,C1=CC=C2/C=C(C3=CC(N4CCOCC4)=C4C=CC=CC4=N3)\C=C/C2=C1
64,AT-225/NB46582,C1=CC=C2C(=C1)N=C(C1=C\C=C3\C=CC=C\C3=C\1)C=C2N1CCOCC1
65,AT-225/NB48342,C1=CC=C2C(=C1)N=C(C1=C\C=C3\C=CC=C\C3=C\1)C=C2N1CCOCC1
66,AT-138/QI01032,COCCOC1=CC=C(/C=N\NC2=NC(N3CCCC3)=C(F)C=N2)C=C1
67,AT-687/PE27587,N#CC1=C(F)C=CC(S(=O)(=O)C2=C(\Cl)C3=C(\N=C/2)C(F)=CC=C3)=C1
68,AN-153/NB20267,CCOC1=CC=C(C2=CC=NC3=C2C(=O)NC(N2CCCC2)=N3)C=C1
69,AT-687/NB06791,CS(=O)(=O)N1CCN(/C2=C(S(=O)(=O)C3=CC=C(F)C(Cl)=C3)/C=N\C3=CC=C(C#N)C=C32)CC1
70,AT-225/NB31042,O=[N+]([O-])C1=CC=C2C(=C1)/N=C(/C1=CC=CC(OCCOCCOC3=CC=CC(/C4=N/C5=C(C=CC([N+](=O)[O-])=C5)C5=C4C=C([N+](=O)[O-])C=C5)=C3)=C1)C1=C2C=CC([N+](=O)[O-])=C1
71,AT-687/SK17413,CC1=C(NC(=O)C2CCN(C3=C(C#N)C=N/C4=C\C=C(F)/C=C\34)CC2)C=C(Cl)C=C1
72,AN-153/I289756,COC1=CC2=C(C=C1OC)/C(C1=CNC3=C1C=C(OC)C(OC)=C3)=N\C=C/2
73,AT-138/QI00262,FC1=C(N2CCN(C3=CC=CC=C3)CC2)N=C(N2CCOCC2)N=C1
74,AN-153/J107082,COC1=CC(C2=CC=NC3=C2C(=O)NC(N2CCCCC2)=N3)=CC=C1
75,AN-153/NB22715,CC1=CC2=C(C=C1)N=C(NC1=NC(C3=CN=C(N4CCOCC4)N=C3C)=CC(=O)N1)N=C2C
76,AQ-358/J254344,O=C1OC2=C(C=C(Cl)C=C2)C(C2=C\N=C3\C4=CC(Cl)=CC=C4OC\C3=C\2)=C1C1=CC=CC=C1
77,AT-138/QI00259,FC1=C(N2CCOCC2)N=C(NC2=CC=CC=C2)N=C1
78,AT-138/QI00742,O=C(CSC1=NC(N2CCCC2)=C(F)C=N1)NCC1=C\C=C2\OCO\C2=C\1
79,AT-687/NB06801,O=S(=O)(C1=CC=C(F)C(F)=C1)C1=C(\N2CCSCC2)C2=CC(F)=CC=C2/N=C\1
80,AT-358/LC03042,COC1=C(O)C=CC2=C1/C=N\C1=C2C=CC2=C1C=C1OCOC1=C2
81,AT-687/NB06818,CS(=O)(=O)N1CCN(/C2=C(S(=O)(=O)C3=CC=C(F)C(Cl)=C3)/C=N\C3=CC(F)=CC=C32)CC1
82,AT-687/SK17428,CCC1=CC=C(C2=NNC3=C2/C=N\C2=CC=C(C)C=C23)C=C1
83,AN-153/PE02156,CCOC1=CC=C(C2=CC=NC3=C2C(=O)NC(N2CCCCC2)=N3)C=C1
84,AT-687/NB06816,N#CC1=CC(S(=O)(=O)C2=C(\N3CCSCC3)C3=CC=C(F)C=C3/N=C\2)=CC=C1
85,AT-138/QI01020,COC1=CC(/C=N\NC2=NC(N3CCCC3)=C(F)C=N2)=CC(I)=C1O
86,AT-225/NB37546,CCCCOC1=C2\C=CC=C\C2=N/C=C\1C1=C\C=C2\C=CC=C\C2=N\1
87,AN-153/NB25801,NC(=O)C1CCN(C2=NC3=NC=CC(C4=CC=C(F)C=C4)=C3C(=O)N2)CC1
88,AT-687/PE16720,O=C(NCC1=C(F)C=C(F)C=C1)C1CCN(C2=C3OC4=C(C=CC=C4)C3=NC=N2)CC1
89,AT-687/PE25904,O=C1NC(N2CCN(C3=CC=CC=C3F)CC2)=NC2=C1SC=C2C1=CC=C(Br)C=C1
90,AT-687/PE25857,O=C1NC(N2CCN(C3=CC=CC=C3)CC2)=NC2=C1SC=C2C1=CC=CC=C1F
91,AT-687/NB06806,CS(=O)(=O)N1CCN(/C2=C(S(=O)(=O)C3=CC=C(F)C(F)=C3)/C=N\C3=CC=C(F)C=C32)CC1
92,AT-138/QI01026,OC1=C(/C=N\NC2=NC(N3CCCC3)=C(F)C=N2)C=C(Cl)C=C1Br
93,AT-138/QI01025,CO/C1=C/C(/C=N\NC2=NC(N3CCCC3)=C(F)C=N2)=C\C2=C1OCO2
94,AT-687/PE25823,CC1=CC=C(C2=CSC3=C2N=C(N2CCN(C4=CC=CC=C4F)CC2)NC3=O)C=C1
95,AT-687/PE25893,O=C1NC(N2CCN(C3=CC=CC=C3F)CC2)=NC2=C1SC=C2C1=CC=C(Cl)C=C1
96,AT-687/NB06819,CS(=O)(=O)N1CCN(/C2=C(S(=O)(=O)C3=CC=CC(C#N)=C3)/C=N\C3=CC(F)=CC=C32)CC1
97,AT-687/PE10279,FC1=CC=CC(C2=C3/N=C(/N4CCCCCC4)C4=CC(Cl)=CC=C4N3N=N2)=C1
98,AT-687/PE10271,FC1=CC=CC(C2=C3/N=C(/N4CCCCC4)C4=CC(Cl)=CC=C4N3N=N2)=C1
99,AT-225/NB48410,ClC1=CC(C2=N/C3=CC=CC=C3/C(N3CCOCC3)=C\2)=C(N2CCOCC2)C=C1
100,AT-225/JK13034,OC1=CC2=C(C=C1)C1=C(/C=C\2)C2=C(/C=N\N2)CC1
101,AT-687/PE16777,O=C(NCC1=C(F)C=C(F)C=C1)C1CCCN(C2=C3OC4=C(C=CC=C4)C3=NC=N2)C1
102,AT-225/NB52971,CCC1CCCCN1CC1=C(O)C=CC2=C1OC(=O)C(/C1=N/C3=C(C=CC=C3)N1)=C\2
103,AT-687/PE25945,O=C1NC(N2CCCC(C(=O)NCC3=C(F)C=C(F)C=C3)C2)=NC2=C1SC=C2C1=CC=CC=C1
104,AT-687/NB06794,O=S(=O)(C1=CC=CC(F)=C1)C1=C(\N2CCCCC2CCN2CCOCC2)C2=CC=CC(F)=C2/N=C\1
105,AT-687/PE25985,CC1=CC=C(C2=CSC3=C2N=C(N2CCCC(C(=O)NCC4=C(F)C=C(F)C=C4)C2)NC3=O)C=C1
106,AT-687/NB06793,O=S(=O)(C1=CC=C(F)C=C1)C1=C(\N2CCCCC2CCN2CCOCC2)C2=CC=CC(F)=C2/N=C\1
107,AN-153/NB20268,CC1=CC(O)=C(C2=CC=NC3=C2C(=O)N/C(N2CCC4=C(C=CC=C4)C2)=N\3)C(=O)O1
108,AT-687/PE25983,CC1=CC=C(C2=CSC3=C2N=C(N2CCCC(C(=O)NCC4=C(F)C=CC=C4)C2)NC3=O)C=C1
109,AT-687/PE16774,COC1=CC(CNC(=O)C2CCCN(C3=C4OC5=C(C=CC=C5)C4=NC=N3)C2)=C(OC)C=C1
110,AT-225/NB53225,CC1CCCCN1CC1=C(O)C=CC2=C1OC(=O)C(/C1=N/C3=C(C=CC=C3)N1)=C\2
111,AT-687/PE10280,CCOC(=O)C1CCCN(/C2=N/C3=C(C4=CC(F)=CC=C4)N=NN3C3=CC=C(Cl)C=C32)C1
112,AT-687/PE16778,O=C(NCC1=C(Cl)C=C(F)C=C1)C1CCCN(C2=C3OC4=C(C=CC=C4)C3=NC=N2)C1
113,AT-687/PE16779,O=C(NCC1=CC(Cl)=C(F)C=C1)C1CCCN(C2=C3OC4=C(C=CC=C4)C3=NC=N2)C1
114,AT-687/PE16754,COC1=CC=C(NC(=O)C2CCCN(C3=NC=NC4=C3OC3=C4C=CC=C3)C2)C=C1OC
115,AT-687/PE25849,CCOC1=C(OCC)C=C(C2=CSC3=C2N=C(N2CCC4=C(C=CC=C4)C2)NC3=O)C=C1
116,AT-687/PE16755,CCOC1=CC=C(NC(=O)C2CCCN(C3=C4OC5=C(C=CC=C5)C4=NC=N3)C2)C=C1
117,AN-153/I262611,COC1=CC2=C(C=C1)NC=C2CCNC(=O)C1CCCN(/C2=C(\C3=CC=CC=C3)C3=C(C=CC(Cl)=C3)NC2=O)C1
118,AT-358/NJ01084,CC/C1=C2\CN3C(=O)C4=C(C=C3\C2=N\C2=CC=C(O)C=C21)[C@@](O)(CC)C(=O)OC4
119,AT-687/PE16772,CCOC1=CC=C(CNC(=O)C2CCCN(C3=C4OC5=C(C=CC=C5)C4=NC=N3)C2)C=C1
120,AT-687/PE25950,O=C1NC(N2CCCC(C(=O)NCC3=C(Cl)C=C(F)C=C3)C2)=NC2=C1SC=C2C1=CC=CC=C1
121,AT-687/PE16773,CCCOC1=CC=C(CNC(=O)C2CCCN(C3=C4OC5=C(C=CC=C5)C4=NC=N3)C2)C=C1
122,AN-153/I261776,O=C1NC2=C(C=C(Cl)C=C2)/C(C2=CC=CC=C2)=C\1N1CCCC(C(=O)NCCC2=CNC3=C2C=CC=C3)C1
123,AT-687/PE25951,O=C1NC(N2CCCC(C(=O)NCC3=CC(Cl)=C(F)C=C3)C2)=NC2=C1SC=C2C1=CC=CC=C1
124,AT-687/PE16771,CCOC1=CC=CC(CNC(=O)C2CCCN(C3=C4OC5=C(C=CC=C5)C4=NC=N3)C2)=C1
125,AT-687/PE16776,O=C(NCC1=CC=C(F)C=C1)C1CCCN(C2=C3OC4=C(C=CC=C4)C3=NC=N2)C1
126,AT-687/PE16753,COC1=CC=C(NC(=O)C2CCCN(C3=C4OC5=C(C=CC=C5)C4=NC=N3)C2)C=C1
127,AT-687/PE25847,COC1=CC=CC(C2=CSC3=C2N=C(N2CCC4=C(C=CC=C4)C2)NC3=O)=C1
128,AT-687/NB06803,O=S(=O)(C1=CC(F)=CC(F)=C1)C1=C(\N2CCCCC2CCN2CCOCC2)C2=CC(F)=CC=C2/N=C\1
129,AT-687/PE16751,CC1=C(C)C=C(NC(=O)C2CCCN(C3=C4OC5=C(C=CC=C5)C4=NC=N3)C2)C=C1
130,AT-687/NB06820,O=S(=O)(C1=CC(Cl)=CC(Cl)=C1)C1=C(\N2CCCC2CO)C2=CC=C(F)C=C2/N=C\1
131,AT-687/PE16770,CCOC1=C(CNC(=O)C2CCCN(C3=C4OC5=C(C=CC=C5)C4=NC=N3)C2)C=CC=C1
132,AN-153/I261764,COC1=C(CNC(=O)C2CCCN(/C3=C(\C4=CC=CC=C4)C4=C(C=CC(Cl)=C4)NC3=O)C2)C=CC=C1
133,AT-687/PE12739,CCOC(=O)C1CCCN(C2=NC3=C(C=N2)C(=O)N(CC2=C(F)C=CC=C2)C(=O)N3)C1
134,AT-687/PE26008,COC1=C(OC)C=C(C2=CSC3=C2N=C(N2CCCC(C(=O)NCC4=CC=CO4)C2)NC3=O)C=C1
135,AT-687/PE16767,CCC1=CC=C(CNC(=O)C2CCCN(C3=C4OC5=C(C=CC=C5)C4=NC=N3)C2)C=C1
136,AT-687/PE25829,CC1=CC=CC(C2=CSC3=C2N=C(N2CCC4=C(C=CC=C4)C2)NC3=O)=C1
137,AT-687/PE16768,COC1=C(CNC(=O)C2CCCN(C3=C4OC5=C(C=CC=C5)C4=NC=N3)C2)C=CC=C1
138,AT-687/PE25965,O=C1NC(N2CCCC(C(=O)NCCC3=CNC4=CC=CC=C34)C2)=NC2=C1SC=C2C1=CC=CC=C1
139,AT-687/PE25941,CCOC1=C(CNC(=O)C2CCCN(C3=NC4=C(SC=C4C4=CC=CC=C4)C(=O)N3)C2)C=CC=C1
140,AT-687/SK17428,CCC1=CC=C(C2=NNC3=C2/C=N\C2=CC=C(C)C=C23)C=C1
141,AT-687/PE25866,O=C1NC(N2CCC3=C(C=CC=C3)C2)=NC2=C1SC=C2C1=CC=C(F)C=C1
142,AT-687/PE26007,COC1=CC=CC(C2=CSC3=C2N=C(N2CCCC(C(=O)NCC4=CC=CC=C4)C2)NC3=O)=C1
143,AT-225/NB47209,COC1=CC2=C(C=C1)C1=NC3=CC=CC=C3C(N3CCOCC3)=C1CC2
144,AT-225/NB48356,COC1=CC2=C(C=C1)C1=NC3=CC=CC=C3C(N3CCOCC3)=C1CC2
145,AT-225/JK06946,COC1=CC2=C(C=C1)C1=C(CC2)C(N2CCOCC2)=C2C=CC=CC2=N1
146,AN-153/NB21479,O=C1N/C(N2CCC3=C(C=CC=C3)C2)=N\C2=C1C(C1=CC=NC=C1)=CC=N2
147,AT-687/PE16752,CC(C)C1=CC=C(NC(=O)C2CCCN(C3=C4OC5=C(C=CC=C5)C4=NC=N3)C2)C=C1
148,AT-687/PE25986,CC1=CC=C(C2=CSC3=C2N=C(N2CCCC(C(=O)NCC4=CC(F)=CC(F)=C4)C2)NC3=O)C=C1
149,AT-687/PE25939,COC1=C(CNC(=O)C2CCCN(C3=NC4=C(SC=C4C4=CC=CC=C4)C(=O)N3)C2)C=CC=C1
150,AT-687/PE25995,CC1=CC=C(C2=CSC3=C2N=C(N2CCCC(C(=O)NCC4=C(C)C=CC=C4)C2)NC3=O)C=C1
151,AT-687/PE25942,CCOC1=CC=CC(CNC(=O)C2CCCN(C3=NC4=C(SC=C4C4=CC=CC=C4)C(=O)N3)C2)=C1
152,AN-153/I208778,CCOC(=O)C1CCCN(/C2=C(\C3=CC=CC=C3)C3=CC(Cl)=CC=C3NC2=O)C1
153,AT-687/PE16769,COC1=CC=CC(CNC(=O)C2CCCN(C3=C4OC5=C(C=CC=C5)C4=NC=N3)C2)=C1
154,AT-819/OC12801,CC(C)(C)OC1=CC2=C(C=C1)NC(=O)N=C2C1=CC=CC=C1F
155,AT-687/PE16749,CC1=CC=CC(NC(=O)C2CCCN(C3=C4OC5=C(C=CC=C5)C4=NC=N3)C2)=C1
156,AT-687/NB04359,CCOC1=C2OC(=O)C(C3=NC4=C(C(=O)N3)C3=C(CCCC3)S4)=CC2=CC=C1
157,AT-687/NB06802,O=S(=O)(C1=CC=C(F)C(F)=C1)C1=C(\N2CCCCC2CCN2CCOCC2)C2=CC(F)=CC=C2/N=C\1
158,AT-687/PE13102,O=S(=O)(C1=CC(F)=CC(F)=C1)C1=C(\C2=CC=C(F)C=C2)C2=C(\N=C/1)C(F)=CC=C2
159,AT-687/PE16750,CC1=CC=C(NC(=O)C2CCCN(C3=C4OC5=C(C=CC=C5)C4=NC=N3)C2)C=C1
160,AT-225/NB36287,COC1=CC2=C(C=C1)C1=C(CC2)/C(N(C(C)C)C(C)C)=C2/C=CC=C/C2=N/1
161,AT-225/NB35457,COC1=CC2=C(C=C1)C1=C(CC2)/C(N(C(C)C)C(C)C)=C2/C=CC=C/C2=N/1
162,AT-225/NB47210,COC1=CC2=C(C=C1)C1=N/C3=CC=CC=C3/C(N(C(C)C)C(C)C)=C\1CC2
163,AT-225/NB48358,COC1=CC2=C(C=C1)C1=N/C3=CC=CC=C3/C(N(C(C)C)C(C)C)=C\1CC2
164,AQ-358/J254344,O=C1OC2=C(C=C(Cl)C=C2)C(C2=C\N=C3\C4=CC(Cl)=CC=C4OC\C3=C\2)=C1C1=CC=CC=C1
165,AN-153/I261743,CCOC1=CC=C(NC(=O)C2CCCN(/C3=C(\C4=CC=CC=C4)C4=C(C=CC(Cl)=C4)NC3=O)C2)C=C1
166,AT-225/NB53220,O=C1OC2=C(C=CC(OCC3=C(F)C=CC=C3Cl)=C2)C=C1/C1=N/C2=C(C=CC=C2)S1
167,AN-153/MD17196,O=C1NC2=C(C=C(Cl)C=C2)/C(C2=CC=CC=C2)=C\1N1CCCC(C(=O)NC2=CC=C(F)C=C2)C1
168,AT-687/PE25946,O=C1NC(N2CCCC(C(=O)NCC3=CC(F)=CC(F)=C3)C2)=NC2=C1SC=C2C1=CC=CC=C1
169,AT-687/PE25943,CCOC1=CC=C(CNC(=O)C2CCCN(C3=NC4=C(SC=C4C4=CC=CC=C4)C(=O)N3)C2)C=C1
170,AT-687/SK17479,CC1=CC=C(C2=NNC3=C2/C=N\C2=C\C4=C(/C=C32)OCCO4)C=C1C
171,AN-153/I262635,O=C1NC2=C(C=C(Cl)C=C2)/C(C2=CC=CC=C2)=C\1N1CCCC(C(=O)N2CCC3=C(C=CC=C3)C2)C1
172,AT-687/PE25959,CC1=C(CNC(=O)C2CCCN(C3=NC4=C(SC=C4C4=CC=CC=C4)C(=O)N3)C2)C=CC=C1
173,AT-687/PE16775,CSC1=CC=C(CNC(=O)C2CCCN(C3=C4OC5=C(C=CC=C5)C4=NC=N3)C2)C=C1
174,AT-687/PE16766,CC1=CC=C(CNC(=O)C2CCCN(C3=C4OC5=C(C=CC=C5)C4=NC=N3)C2)C=C1
175,AT-687/PE25881,O=C1NC(N2CCC3=C(C=CC=C3)C2)=NC2=C1SC=C2C1=CC(Cl)=CC=C1
176,AT-225/NB48355,COC1=CC2=C(C=C1)C1=NC3=CC=CC=C3C(N3CCN(C)CC3)=C1CC2
177,AT-225/JK06945,COC1=CC2=C(C=C1)C1=C(CC2)C(N2CCN(C)CC2)=C2C=CC=CC2=N1
178,AT-687/PE25811,O=S(=O)(C1=CC=C(F)C=C1)C1=C(\C2=CC(F)=CC=C2)C2=CC(Cl)=CC(F)=C2/N=C\1
179,AN-153/I262613,O=C1NC2=C(C=C(Cl)C=C2)/C(C2=CC=CC=C2)=C\1N1CCCC(C(=O)N2CCOCC2)C1
180,AT-225/NB32526,O=[N+]([O-])C1=CC=C2C(=C1)/N=C(/C1=CC=CC(O)=C1)C1=C2C=CC([N+](=O)[O-])=C1
181,AN-153/I262625,CCOC(=O)N1CCN(C(=O)C2CCCN(/C3=C(\C4=CC=CC=C4)C4=C(C=CC(Cl)=C4)NC3=O)C2)CC1
182,AT-687/PE26004,COC1=CC=CC(C2=CSC3=C2N=C(N2CCCC(C(=O)NC4CCC(C)CC4)C2)NC3=O)=C1
183,AN-153/I262620,O=C1NC2=C(C=C(Cl)C=C2)/C(C2=CC=CC=C2)=C\1N1CCCC(C(=O)N2CCN(C3=NC=CC=N3)CC2)C1
184,AT-687/SK15767,CC1=C2OC(=O)C(/C3=N/C4=C(C=CC(C(=O)O)=C4)N3)=CC2=C(CO)C=N1
185,AN-153/MD17197,CCC1=CC=C(NC(=O)C2CCCN(/C3=C(\C4=CC=CC=C4)C4=C(C=CC(Cl)=C4)NC3=O)C2)C=C1
186,AT-687/PE16784,O=C(NCCCC1=CC=CC=C1)C1CCCN(C2=NC=NC3=C2OC2=C3C=CC=C2)C1
187,AT-687/PE26002,COC1=CC=CC(C2=CSC3=C2N=C(N2CCCC(C(=O)NC4CCCC4)C2)NC3=O)=C1
188,AT-358/MD21393,COC1=C(OC)C2=C(C=C1)C1=C(C3=C(C=C1)/C=C1/OCO/C1=C/3)N(C)C2
189,AN-153/I261742,COC1=CC=C(NC(=O)C2CCCN(/C3=C(\C4=CC=CC=C4)C4=C(C=CC(Cl)=C4)NC3=O)C2)C=C1
190,AN-153/I261734,COC(=O)C1CCCN(/C2=C(\C3=CC=CC=C3)C3=C(C=CC(Cl)=C3)NC2=O)C1
191,AT-687/PE25940,COC1=CC=CC(CNC(=O)C2CCCN(C3=NC4=C(SC=C4C4=CC=CC=C4)C(=O)N3)C2)=C1
192,AT-225/NB98225,C1=CC2=C(C=C1)C1=C(/C=C\2)C2=C(CC1)C1=C(C=CC=C1)N2
193,AN-153/I208779,O=C1NC2=CC=C(Cl)C=C2/C(C2=CC=CC=C2)=C\1N1CCCC(C(=O)O)C1
194,AT-687/PE13101,O=S(=O)(C1=CC(Cl)=CC(Cl)=C1)C1=C(\C2=CC=C(F)C=C2)C2=C(\N=C/1)C(F)=CC=C2
195,AT-687/PE16748,O=C(NC1=CC=CC=C1)C1CCCN(C2=C3OC4=C(C=CC=C4)C3=NC=N2)C1
196,AT-687/NB06789,N#CC1=CC=C2C(=C1)/N=C\C(S(=O)(=O)C1=CC=C(F)C(Cl)=C1)=C/2N1CCCCC1CCN1CCOCC1
197,AT-687/PE26003,COC1=CC=CC(C2=CSC3=C2N=C(N2CCCC(C(=O)NC4CCCCC4)C2)NC3=O)=C1
198,AN-153/I289756,COC1=CC2=C(C=C1OC)/C(C1=CNC3=C1C=C(OC)C(OC)=C3)=N\C=C/2
199,AT-687/PE26005,COC1=CC=CC(C2=CSC3=C2N=C(N2CCCC(C(=O)NC4CCCCCCC4)C2)NC3=O)=C1
200,AT-687/SK01695,COC1=C(F)C=C(C(=O)NC2CCN(C3=NC(C)=NC4=C3CCCC4)CC2)C=C1
201,AT-687/SK01679,CC1=NC2=C(CCCC2)C(N2CCC(NC(=O)C3=C(F)C=CC=C3F)CC2)=N1
202,AT-687/SK01662,COC1=CC=CC2=C1OC(=O)C(C(=O)NC1CCN(C3=NC(C)=NC4=C3CCCC4)CC1)=C2
203,AT-687/SK01690,CCC(C(=O)NC1CCN(C2=NC(C)=NC3=C2CCCC3)CC1)C1=CC=CC=C1
204,AN-153/NB21468,CC(=O)NC1=CC=C(N2C(=O)CC(N3CC/C4=C(\C3)NC3=CC=C(F)C=C34)C2=O)C=C1
205,AT-687/SK01665,COC1=CC2=C(C=C1)/C=C(/C(=O)NC1CCN(C3=NC(C)=NC4=C3CCCC4)CC1)N2
206,AT-687/SK01696,CC1=NC2=C(CCCC2)C(N2CCC(NC(=O)C3=C/C4=C(\C=C/3)NC=N4)CC2)=N1
207,AN-153/NB21451,COC1=CC=C2N/C3=C(/CCN(C4CC(=O)N(C5=CC=C(NC(C)=O)C=C5)C4=O)C3)C2=C1
208,AT-687/SK01650,CC1=CC=C(N2CC(C(=O)NC3CCN(C4=NC(C)=NC5=C4CCCC5)CC3)CC2=O)C=C1
209,AT-687/SK01699,CC1=NC2=C(CCCC2)C(N2CCC(NC(=O)C3=CC(OC(F)(F)F)=CC=C3)CC2)=N1
210,AT-687/PE21868,COC1=CC=C(NC(=O)C2CCCN(C3=NC=CN4N=C5CCCCC5=C34)C2)C=C1OC
211,AT-687/SK01677,COC1=C(CC(=O)NC2CCN(C3=NC(C)=NC4=C3CCCC4)CC2)C=CC=C1
212,AT-687/PE21874,CC1=CC(F)=C(NC(=O)C2CCCN(C3=NC=CN4N=C5CCCCC5=C34)C2)C=C1
213,AT-687/SK01670,CC1=NC2=C(CCCC2)C(N2CCC(NC(=O)C3CCOC3)CC2)=N1
214,AT-687/SK06282,CC1=CC(C)=C(NC(=O)/C2=C(\C)C3=C(N=C(CN4CCC5=C4C=CC=C5)N=C3O)S2)C=C1
215,AT-687/PE21875,CC1=C(NC(=O)C2CCCN(C3=NC=CN4N=C5CCCCC5=C34)C2)C=CC(F)=C1
216,AN-153/NB21458,COC1=CC=C2N/C3=C(/CCN(C4CC(=O)N(C5=C(F)C=CC=C5)C4=O)C3)C2=C1
217,AN-153/NB26453,COC1=CC=C2N/C3=C(/CCN(C4CC(=O)N(C)C4=O)C3)C2=C1
218,AT-687/PE21892,O=C(NCC1=C(F)C=C(F)C=C1)C1CCCN(C2=NC=CN3N=C4CCCCC4=C23)C1
219,AN-153/NB21472,CC(=O)NC1=CC=C(N2C(=O)CC(N3CC/C4=C(\C3)NC3=CC=C(Cl)C=C34)C2=O)C=C1
220,AN-153/NB21461,COC1=CC=C2N/C3=C(/CCN(C4CC(=O)N(C5=CC(Cl)=C(F)C=C5)C4=O)C3)C2=C1
221,AT-687/SK01669,CC1=NC2=C(CCCC2)C(N2CCC(NC(=O)OCC3=CC=CC=C3)CC2)=N1
222,AN-153/NB21470,COC1=C(N2C(=O)CC(N3CC/C4=C(\C3)NC3=CC=C(F)C=C34)C2=O)C=CC=C1
223,AT-687/PE21866,COC1=CC(OC)=C(NC(=O)C2CCCN(C3=NC=CN4N=C5CCCCC5=C34)C2)C=C1
224,AN-153/NB21450,CCOC(=O)C1=CC=C(N2C(=O)CC(N3CC/C4=C(\C3)NC3=CC=C(OC)C=C34)C2=O)C=C1
225,AT-687/SK01688,CC1=CC(C2=NNC(C(=O)NC3CCN(C4=NC(C)=NC5=C4CCCC5)CC3)=C2)=C(C)C=C1
226,AN-153/NB21467,COC1=CC=C2N/C3=C(/CCN(C4CC(=O)N(C5=CC(OC)=C(OC)C(OC)=C5)C4=O)C3)C2=C1
227,AN-153/NB21448,COC1=CC=C(N2C(=O)CC(N3CC/C4=C(\C3)NC3=CC=C(OC)C=C34)C2=O)C=C1
228,AT-687/PE21867,COC1=CC(NC(=O)C2CCCN(C3=NC=CN4N=C5CCCCC5=C34)C2)=C(OC)C=C1
229,AN-153/NB21449,COC1=CC=C2N/C3=C(/CCN(C4CC(=O)N(C5=CC=C(C(C)=O)C=C5)C4=O)C3)C2=C1
230,AT-687/PE21889,COC1=C(OC)C=C(CNC(=O)C2CCCN(C3=NC=CN4N=C5CCCCC5=C34)C2)C=C1
231,AN-153/NB21466,COC1=CC=C2N/C3=C(/CCN(C4CC(=O)N(CCC5=CC=CC=C5)C4=O)C3)C2=C1
232,AN-153/NB21446,COC1=CC=C2N/C3=C(/CCN(C4CC(=O)N(C5=CC=C(C(C)C)C=C5)C4=O)C3)C2=C1
233,AN-153/NB21438,O=C1CC(N2CC/C3=C(\C2)NC2=CC=CC=C23)C(=O)N1C1=CC(Cl)=C(F)C=C1
234,AT-687/SK01685,COC1=C(C(=O)NC2CCN(C3=NC(C)=NC4=C3CCCC4)CC2)C=CC=C1
235,AT-687/SK01691,CC1=NC2=C(CCCC2)C(N2CCC(NC(=O)C3=CC(C#N)=CC=C3)CC2)=N1
236,AN-153/I294852,O=C(O)C1CCCCC1C(=O)NC1=CC=C2OC3=C(CCCC3)C2=C1
237,AT-687/PE21895,COC1=C(OC)C=C(C(C)NC(=O)C2CCCN(C3=NC=CN4N=C5CCCCC5=C34)C2)C=C1
238,AN-153/NB21455,COC1=CC=C2N/C3=C(/CCN(C4CC(=O)N(C5=CC(OC(F)(F)F)=CC=C5)C4=O)C3)C2=C1
239,AT-687/PE21869,COC1=CC(NC(=O)C2CCCN(C3=NC=CN4N=C5CCCCC5=C34)C2)=CC(OC)=C1OC
240,AN-153/NB21465,COC1=CC=C2N/C3=C(/CCN(C4CC(=O)N(CC5=CC=CC=C5)C4=O)C3)C2=C1
241,AN-153/NB21445,COC1=CC=C2N/C3=C(/CCN(C4CC(=O)N(C5=CC=CC=C5)C4=O)C3)C2=C1
242,AT-687/SK01658,CC1=NC2=C(CCCC2)C(N2CCC(NC(=O)C3=CC(=O)C4=C(C=CC=C4)O3)CC2)=N1
243,AT-687/SK01668,CC1=NC2=C(CCCC2)C(N2CCC(NC(=O)C3=CN=C(C(F)(F)F)C=C3)CC2)=N1
244,AN-153/NB21447,COC1=CC=C2N/C3=C(/CCN(C4CC(=O)N(C5=CC=C(Br)C=C5)C4=O)C3)C2=C1
245,AN-153/NB21464,COC1=CC=C(N2C(=O)CC(N3CC/C4=C(\C3)NC3=CC=C(OC)C=C34)C2=O)C(OC)=C1
246,AT-687/PE21888,COC1=CC(OC)=C(CNC(=O)C2CCCN(C3=NC=CN4N=C5CCCCC5=C34)C2)C=C1
247,AN-153/NB21433,CC(=O)NC1=CC=C(N2C(=O)CC(N3CC/C4=C(\C3)NC3=CC=CC=C34)C2=O)C=C1
248,AN-153/I294657,O=C(O)C1CC=CCC1C(=O)NC1=CC2=C(C=C1)OC1=C2CCCC1
249,AT-687/PE21897,COC1=C(OC)C=C(CCNC(=O)C2CCCN(C3=NC=CN4N=C5CCCCC5=C34)C2)C=C1
250,AT-687/SK01680,CC1=NC2=C(CCCC2)C(N2CCC(NC(=O)C3=CC=NC=C3)CC2)=N1
251,AN-153/NB21453,COC1=CC=C2N/C3=C(/CCN(C4CC(=O)N(C5=CC(OC)=CC=C5)C4=O)C3)C2=C1
252,AN-153/NB21441,COC1=CC=C(N2C(=O)CC(N3CC/C4=C(\C3)NC3=CC=CC=C34)C2=O)C(OC)=C1
253,AT-687/SK01664,CC1=NC2=C(CCCC2)C(N2CCC(NC(=O)C3=CC(C4=CC=C(F)C=C4)=NN3C)CC2)=N1
254,AN-153/NB21462,COC1=CC=C2N/C3=C(/CCN(C4CC(=O)N(C5=CC(OC)=CC=C5OC)C4=O)C3)C2=C1
255,AT-687/PE21865,COC1=CC=C(NC(=O)C2CCCN(C3=NC=CN4N=C5CCCCC5=C34)C2)C=C1
256,AT-687/PE21887,CCOC1=CC=CC(CNC(=O)C2CCCN(C3=NC=CN4N=C5CCCCC5=C34)C2)=C1
257,AN-153/NB21454,COC1=CC=C2N/C3=C(/CCN(C4CC(=O)N(C5=CC(C(F)(F)F)=CC=C5)C4=O)C3)C2=C1
258,AT-057/J152433,COC(=O)/C1=C/N(C)CCC2=C(C1)C(N1CCN(C3=CC=CC=C3F)CC1)=NC(C)=N2
259,AT-819/OC11984,CCCCC1=CC=C2NC3=C(CCN(CC4=CC=CC=C4)C3)C2=C1
260,AT-687/SK01653,CC1=NC2=C(CCCC2)C(N2CCC(NC(=O)CN3C=CC4=C3C=CC=C4)CC2)=N1
261,AN-153/NB21460,COC1=CC=C2N/C3=C(/CCN(C4CC(=O)N(C5=C/C6=C(\C=C/5)OCO6)C4=O)C3)C2=C1
262,AN-153/NB21456,COC1=CC=C2N/C3=C(/CCN(C4CC(=O)N(C5=C(Cl)C=CC=C5)C4=O)C3)C2=C1
263,AN-153/NB21469,O=C1CC(N2CC/C3=C(\C2)NC2=CC=C(F)C=C23)C(=O)N1C1=CC(Cl)=CC=C1
264,AT-687/PE21873,O=C(NC1=C(F)C=CC=C1)C1CCCN(C2=NC=CN3N=C4CCCCC4=C23)C1
265,AM-879/J185840,CCOC1=CC=C(C(=O)N2CCN(C3=CC(N4CCC5=C(C=CC=C5)C4)=C([N+](=O)[O-])C=C3)CC2)C=C1
266,AN-153/I280425,NC(=O)C1CCN(C2=C3CCCC3=NC(C3=CC=CC=C3)=N2)CC1
267,AT-687/SK01581,COC1=CC=CC2=C1O/C(C(=O)NC1CCN(C3=NC=NC4=C3CCCC4)CC1)=C\2
268,AT-687/PE21890,O=C(NCC1=C(F)C=CC=C1)C1CCCN(C2=NC=CN3N=C4CCCCC4=C23)C1
269,AT-687/SK01694,CC1=NC2=C(CCCC2)C(N2CCC(NC(=O)C3=COC=C3)CC2)=N1
270,AT-687/SK01678,CC1=NC2=C(CCCC2)C(N2CCC(NC(=O)CC3=CN=CC=C3)CC2)=N1
271,AN-153/NB21463,COC1=CC=C2N/C3=C(/CCN(C4CC(=O)N(C5=CC=C(Cl)C=C5Cl)C4=O)C3)C2=C1
272,AN-153/NB21459,COC1=CC=C2N/C3=C(/CCN(C4CC(=O)N(C5=C/C6=C(\C=C/5)OCCO6)C4=O)C3)C2=C1
273,AN-153/NB21444,COC1=CC(N2C(=O)CC(N3CC/C4=C(\C3)NC3=CC=CC=C34)C2=O)=CC(OC)=C1OC
274,AN-153/NB21452,COC1=CC=C2N/C3=C(/CCN(C4CC(=O)N(C5=CC(Cl)=CC=C5)C4=O)C3)C2=C1
275,AT-687/SK01687,CC1=NC2=C(CCCC2)C(N2CCC(NC(=O)C3=CC(Br)=CN=C3)CC2)=N1
276,AT-687/PE21872,CC(=O)NC1=CC=C(NC(=O)C2CCCN(C3=NC=CN4N=C5CCCCC5=C34)C2)C=C1
277,AN-153/NB21437,O=C1CC(N2CC/C3=C(\C2)NC2=CC=CC=C23)C(=O)N1C1=C/C2=C(\C=C/1)OCO2
278,AT-687/SK01629,O=C(NC1CCN(C2=NC=NC3=C2CCCC3)CC1)C1=CC(F)=C(F)C=C1
279,AT-687/SK01649,CC1=NC2=C(CCCC2)C(N2CCC(NC(=O)C3=C(C)N(C4=CC=C(F)C=C4)N=N3)CC2)=N1
280,AT-687/SK01643,O=C(CC1=C(F)C=CC=C1Cl)NC1CCN(C2=NC=NC3=C2CCCC3)CC1
281,AT-687/SK01692,CC1=NC2=C(CCCC2)C(N2CCC(NC(=O)C3=CC=CN3)CC2)=N1
282,AT-687/SK01648,CC1=CC=CC(C2=NNC=C2C(=O)NC2CCN(C3=NC(C)=NC4=C3CCCC4)CC2)=C1
283,AN-153/NB21473,O=C1CC(N2CC/C3=C(\C2)NC2=CC=C(Cl)C=C23)C(=O)N1C1=C/C2=C(\C=C/1)OCO2
284,AT-819/OC11982,OCCC1=CC=C2NC3=C(CCN(CC4=CC=CC=C4)C3)C2=C1
285,AN-153/NB21474,O=C1CC(N2CC/C3=C(\C2)NC2=CC=CC=C23)C(=O)N1C1=CC=C(OC(F)(F)F)C=C1
286,AT-687/SK01651,CC1=NC2=C(CCCC2)C(N2CCC(NC(=O)C3=NN(C4=CC=CC=C4)N=C3)CC2)=N1
287,AT-687/SK01663,COC1=C(C2=NNC(C(=O)NC3CCN(C4=NC(C)=NC5=C4CCCC5)CC3)=C2)C=CC=C1
288,AT-687/SK01666,CC1=NC2=C(CCCC2)C(N2CCC(NC(=O)C3=C[N+]([O-])=CC=C3)CC2)=N1
289,AM-879/J184279,CC1=CC(N2CCN(C3=NC(N4CCC5=C(C=CC=C5)C4)=NC4=CC=CC=C43)CC2)=C2C=CC=CC2=N1
290,AT-687/SK01693,CC1=NC2=C(CCCC2)C(N2CCC(NC(=O)C3=NNC4=C3C=CC=C4)CC2)=N1
291,AT-687/SK01657,CSC1=C(C(=O)NC2CCN(C3=NC(C)=NC4=C3CCCC4)CC2)C=CC=C1
292,AT-687/SK01686,COCCNC(=O)NC1CCN(C2=NC(C)=NC3=C2CCCC3)CC1
293,AN-153/NB21430,COC1=CC=C(N2C(=O)CC(N3CC/C4=C(\C3)NC3=CC=CC=C34)C2=O)C=C1
294,AN-153/NB21471,O=C1CC(N2CC/C3=C(\C2)NC2=CC=C(Cl)C=C23)C(=O)N1C1=CC=CC=C1
295,AT-687/SK01631,O=C(NC1CCN(C2=NC=NC3=C2CCCC3)CC1)C1=CC(Cl)=C(F)C=C1
296,AT-687/PE21885,COC1=CC=CC(CNC(=O)C2CCCN(C3=NC=CN4N=C5CCCCC5=C34)C2)=C1
297,AT-687/PE21864,COC1=C(NC(=O)C2CCCN(C3=NC=CN4N=C5CCCCC5=C34)C2)C=CC=C1
298,AT-687/SK01689,CC1=NC2=C(CCCC2)C(N2CCC(NC(=O)C3=NNC(=O)C4=C3C=CC=C4)CC2)=N1
299,AT-687/PE21871,COC(=O)C1=CC(NC(=O)C2CCCN(C3=NC=CN4N=C5CCCCC5=C34)C2)=CC=C1
300,AT-687/SK07439,CC1=NC(N2CCC3=C(C=CC=C3)C2)=CC(C(=O)N2CCOCC2)=N1
301,AT-687/PE12749,CCCN1N=C(C)C=C1CN(C)C1=NC2=C(C=N1)C(=O)N(CC1=C(F)C=CC=C1)C(=O)N2
302,AT-687/PE21175,CN(C)C(=O)C1=N/N2CC(C3=CC=C(Br)C=C3)OC\C2=C\1
303,AT-687/PE30347,CN(C(=O)CN1CCCN2N=C(C(=O)NC3=CC(Cl)=C(F)C=C3)C=C2C1=O)C1=CC=CC=C1
304,AT-687/PE21193,O=C(NC1=C/C2=C(\C=C/1)CCC2)C1=N/N2CC(C3=CC=C(Cl)C=C3)OC\C2=C\1
305,AT-687/PE21217,CC1=C(F)C=CC(NC(=O)C2=N/N3CC(C4=CC=C(Cl)C=C4)OC\C3=C\2)=C1
306,AT-687/PE21159,O=C(C1=N/N2CC(C3=CC=C(Cl)C=C3)OC\C2=C\1)N1CCC2=C(C=CC=C2)C1
307,AT-687/PE21213,O=C(NC1=CC(Cl)=C(F)C=C1)C1=N/N2CC(C3=CC=C(Cl)C=C3)OC\C2=C\1
308,AT-687/PE21278,O=C(NCC1=C(F)C=C(F)C=C1)C1=NN2CC(C3=CC=C(Cl)C=C3)OCC2=C1
309,AT-687/PE21229,O=C(NC1=CC(F)=C(F)C=C1)C1=N/N2CC(C3=CC=C(Br)C=C3)OC\C2=C\1
310,AT-687/PE21210,O=C(NC1=CC(F)=C(F)C=C1)C1=N/N2CC(C3=CC=C(Cl)C=C3)OC\C2=C\1
311,AT-687/PE21181,O=C(C1=N/N2CC(C3=C/C4=C(\C=C/3)OCO4)OC\C2=C\1)N1CCCC1
312,AT-687/PE21250,CC1=C(F)C=CC(NC(=O)C2=N/N3CC(C4=C/C5=C(\C=C/4)OCO5)OC\C3=C\2)=C1
313,AT-687/PE21215,CC1=C(NC(=O)C2=N/N3CC(C4=CC=C(Cl)C=C4)OC\C3=C\2)C=CC(F)=C1
314,AT-687/PE21277,O=C(NCC1=C(F)C=CC=C1)C1=NN2CC(C3=CC=C(Cl)C=C3)OCC2=C1
315,AT-687/PE21324,O=C(NCC1=C(F)C=C(F)C=C1)C1=NN2CC(C3=C/C4=C(\C=C/3)OCO4)OCC2=C1
316,AT-687/SK15924,CN(C)C(=O)C1=N/N2CCCC(=O)\C2=C\1
317,AT-687/PE21248,O=C(NC1=CC(Cl)=C(F)C=C1)C1=N/N2CC(C3=C/C4=C(\C=C/3)OCO4)OC\C2=C\1
318,AT-687/PE26832,CC1=CC=C(C2CN3/N=C(C(=O)NC4=C(F)C=CC=C4)\C=C/3CO2)C=C1
319,AT-687/PE26859,COC1=C(NC(=O)C2=N/N3CC(C4=CC=C(F)C=C4)OC\C3=C\2)C=CC=C1
320,AT-687/PE26869,CC1=NNC(C)=C1CNC(=O)C1=NN2CC(C3=CC=C(F)C=C3)OCC2=C1
321,AM-879/J185840,CCOC1=CC=C(C(=O)N2CCN(C3=CC(N4CCC5=C(C=CC=C5)C4)=C([N+](=O)[O-])C=C3)CC2)C=C1
322,AT-687/PE16673,CC1=CC=C(F)C=C1NC(=O)COC1=CC(C)=NC(N2CCC3=C(C=CC=C3)C2)=N1
323,AT-687/PE16672,CC1=NC(N2CCC3=C(C=CC=C3)C2)=NC(OCC(=O)NC2=C(Cl)C=C(F)C=C2)=C1
324,AT-687/PE21208,O=C(NC1=C(F)C=CC=C1)C1=N/N2CC(C3=CC=C(Cl)C=C3)OC\C2=C\1
325,AT-687/PE21281,O=C(NCC1=CC(Cl)=C(F)C=C1)C1=NN2CC(C3=CC=C(Cl)C=C3)OCC2=C1
326,AT-057/J151071,COC1=CC=C2OC(=O)C=C(CN3CCCC4=CC=CC=C43)C2=C1
327,AT-687/PE16664,CC1=CC(C)=C(NC(=O)COC2=CC(C)=NC(N3CCC4=C(C=CC=C4)C3)=N2)C(C)=C1
328,AT-687/PE26887,COCCN1N=C2CCN(C(=O)/C3=C/C4=C(C=CC=C4)N3)CC2=CC1=O
329,AT-687/PE21316,COC1=C(CNC(=O)C2=NN3CC(C4=C/C5=C(\C=C/4)OCO5)OCC3=C2)C=CC=C1
330,AT-687/PE26866,CC(=O)NC1=CC=CC(NC(=O)C2=N/N3CC(C4=CC=C(F)C=C4)OC\C3=C\2)=C1
331,AT-687/PE21201,COC1=CC(NC(=O)C2=N/N3CC(C4=CC=C(Cl)C=C4)OC\C3=C\2)=CC(OC)=C1OC
332,AT-687/PE10213,COC1=C(NC(=O)C2=CC3=C(O/C2=N\C2=CC=C(F)C=C2)C2=C4/C(=C\3)CCCN4CCC2)C=CC=C1
333,AT-687/PE21224,COC1=CC(NC(=O)C2=N/N3CC(C4=CC=C(Br)C=C4)OC\C3=C\2)=CC(OC)=C1OC
334,AT-687/PE16659,CC1=CC(C)=C(NC(=O)COC2=CC(C)=NC(N3CCC4=C(C=CC=C4)C3)=N2)C=C1
335,AT-687/PE21243,O=C(NC1=CC=C(F)C=C1)C1=N/N2CC(C3=C/C4=C(\C=C/3)OCO4)OC\C2=C\1
336,AT-687/PE10203,COC1=C(OC)C=C(/N=C2\OC3=C(C=C2C(=O)NC2=CC(F)=CC=C2)/C=C2/CCCN4CCCC3=C24)C=C1
337,AT-687/PE26861,CC1=C(NC(=O)C2=N/N3CC(C4=CC=C(F)C=C4)OC\C3=C\2)C=CC=C1
338,AT-687/PE21214,CC1=C(F)C=C(NC(=O)C2=N/N3CC(C4=CC=C(Cl)C=C4)OC\C3=C\2)C=C1
339,AT-687/PE10216,COC1=C(NC(=O)C2=CC3=C(O/C2=N\C2=CC(F)=CC=C2)C2=C4/C(=C\3)CCCN4CCC2)C=CC=C1
340,AT-687/PE21198,COC1=CC(OC)=C(NC(=O)C2=N/N3CC(C4=CC=C(Cl)C=C4)OC\C3=C\2)C=C1
341,AT-687/PE21236,CCC1=CC=CC(NC(=O)C2=N/N3CC(C4=C/C5=C(\C=C/4)OCO5)OC\C3=C\2)=C1
342,AM-879/J183922,O=C(C1=CC=CC(Cl)=C1)N1CCN(C2=CC(N3CCC4=C(C=CC=C4)C3)=C([N+](=O)[O-])C=C2)CC1
343,AT-687/PE10217,COC1=CC=C(/N=C2\OC3=C(C=C2C(=O)NC2=CC(F)=CC=C2)/C=C2/CCCN4CCCC3=C24)C=C1
344,AT-687/PE21182,O=C(C1=N/N2CC(C3=C/C4=C(\C=C/3)OCO4)OC\C2=C\1)N1CCN(C2=CC=CC=C2)CC1
345,AT-687/PE21200,COC1=C(OC)C=C(NC(=O)C2=N/N3CC(C4=CC=C(Cl)C=C4)OC\C3=C\2)C=C1
346,AT-687/PE26867,CC1=C(CNC(=O)C2=NN3CC(C4=CC=C(F)C=C4)OCC3=C2)C=NN1
347,AT-687/PE21219,COC1=C(Cl)C=C(NC(=O)C2=N/N3CC(C4=CC=C(Cl)C=C4)OC\C3=C\2)C=C1
348,AT-687/PE26882,COCCN1N=C2CCN(C(=O)C3=CC(C4=CC=C(F)C=C4)=NN3)CC2=CC1=O
349,AT-687/PE21223,COC1=C(OC)C=C(NC(=O)C2=N/N3CC(C4=CC=C(Br)C=C4)OC\C3=C\2)C=C1
350,AT-687/PE10214,COC1=CC=C(/N=C2\OC3=C(C=C2C(=O)NC2=CC=C(F)C=C2)/C=C2/CCCN4CCCC3=C24)C=C1
351,AT-687/PE10218,COC1=CC(/N=C2\OC3=C(C=C2C(=O)NC2=CC=C(F)C=C2)/C=C2/CCCN4CCCC3=C24)=CC(OC)=C1
352,AT-687/PE10215,COC1=CC(OC)=C(/N=C2\OC3=C(C=C2C(=O)NC2=CC(F)=CC=C2)/C=C2/CCCN4CCCC3=C24)C=C1
353,AT-687/PE16676,COC1=C(Cl)C=C(NC(=O)COC2=CC(C)=NC(N3CCC4=C(C=CC=C4)C3)=N2)C=C1
354,AT-687/PE21241,COC1=C(OC)C=C(NC(=O)C2=N/N3CC(C4=C/C5=C(\C=C/4)OCO5)OC\C3=C\2)C=C1
355,AT-687/PE30346,CN(C(=O)CN1CCCN2N=C(C(=O)NC3=CC=C(F)C=C3)C=C2C1=O)C1=CC=CC=C1
356,AT-687/PE26870,CC1=NOC(C)=C1CCNC(=O)C1=NN2CC(C3=CC=C(F)C=C3)OCC2=C1
357,AT-687/PE21230,O=C(NC1=CC(F)=CC=C1Cl)C1=N/N2CC(C3=CC=C(Br)C=C3)OC\C2=C\1
358,AT-687/PE10201,COC1=C(OC)C=C(/N=C2\OC3=C(C=C2C(=O)NC2=CC=CC=C2)/C=C2/CCCN4CCCC3=C24)C=C1
359,AT-687/PE16662,CC1=NC(N2CCC3=C(C=CC=C3)C2)=NC(OCC(=O)NC2=CC(C)=C(C)C=C2)=C1
360,AT-687/PE21319,CCOC1=C(CNC(=O)C2=NN3CC(C4=C/C5=C(\C=C/4)OCO5)OCC3=C2)C=CC=C1
361,AT-687/PE21239,COC1=CC(OC)=C(NC(=O)C2=N/N3CC(C4=C/C5=C(\C=C/4)OCO5)OC\C3=C\2)C=C1
362,AT-687/PE21237,CCC1=CC=C(NC(=O)C2=N/N3CC(C4=C/C5=C(\C=C/4)OCO5)OC\C3=C\2)C=C1
363,AT-687/PE21246,O=C(NC1=C(Cl)C=C(F)C=C1)C1=N/N2CC(C3=C/C4=C(\C=C/3)OCO4)OC\C2=C\1
364,AT-687/PE26865,CC(=O)NC1=CC=C(NC(=O)C2=N/N3CC(C4=CC=C(F)C=C4)OC\C3=C\2)C=C1
365,AT-687/PE21199,COC1=CC=C(OC)C(NC(=O)C2=N/N3CC(C4=CC=C(Cl)C=C4)OC\C3=C\2)=C1
366,AT-687/PE10226,CCOC1=CC=C(/N=C2\OC3=C(C=C2C(=O)NC2=C(OC)C=CC=C2)/C=C2/CCCN4CCCC3=C24)C=C1
367,AT-687/PE26855,O=C(NC1=CC=C(OC(F)(F)F)C=C1)C1=N/N2CC(C3=CC=C(F)C=C3)OC\C2=C\1
368,AT-687/PE21249,CC1=C(F)C=C(NC(=O)C2=N/N3CC(C4=C/C5=C(\C=C/4)OCO5)OC\C3=C\2)C=C1
369,AT-687/PE21275,COC1=CC(OC)=C(CNC(=O)C2=NN3CC(C4=CC=C(Cl)C=C4)OCC3=C2)C=C1
370,AT-687/PE26883,CCOC1=CC=C(C2=NNC(C(=O)N3CCC4=NN(CCOC)C(=O)C=C4C3)=C2)C=C1
371,AT-687/PE16660,CC1=CC(NC(=O)COC2=CC(C)=NC(N3CCC4=C(C=CC=C4)C3)=N2)=C(C)C=C1
372,AT-687/PE26863,NC(=O)C1CCN(C(=O)C2=N/N3CC(C4=CC=C(F)C=C4)OC\C3=C\2)CC1
373,AT-687/PE26857,CC1=CC=CC(NC(=O)C2=N/N3CC(C4=CC=C(F)C=C4)OC\C3=C\2)=C1
374,AT-687/PE26851,O=C(NC1=CC(F)=CC=C1)C1=N/N2CC(C3=CC=C(F)C=C3)OC\C2=C\1
375,AT-687/PE26847,COC1=CC=C(NC(=O)C2=N/N3CC(C4=CC=C(F)C=C4)OC\C3=C\2)C=C1
376,AM-879/PD12216,COC(=O)C1=CC([N+](=O)[O-])=C(N2CCC3=CC=CC=C3C2)C=C1
377,AT-687/PE21892,O=C(NCC1=C(F)C=C(F)C=C1)C1CCCN(C2=NC=CN3N=C4CCCCC4=C23)C1
378,AT-687/PE21253,COC1=C(Cl)C=C(NC(=O)C2=N/N3CC(C4=C/C5=C(\C=C/4)OCO5)OC\C3=C\2)C=C1
379,AT-687/PE26862,O=C(NC1=C(Cl)C=CC=C1)C1=N/N2CC(C3=CC=C(F)C=C3)OC\C2=C\1
380,AT-687/PE21270,COC1=C(CNC(=O)C2=NN3CC(C4=CC=C(Cl)C=C4)OCC3=C2)C=CC=C1
381,AT-687/PE26854,O=C(NC1=CC=CC=C1)C1=N/N2CC(C3=CC=C(F)C=C3)OC\C2=C\1
382,AT-687/PE21240,COC1=CC=C(OC)C(NC(=O)C2=N/N3CC(C4=C/C5=C(\C=C/4)OCO5)OC\C3=C\2)=C1
383,AT-687/PE21204,CCOC1=CC=C(OCC)C(NC(=O)C2=N/N3CC(C4=CC=C(Cl)C=C4)OC\C3=C\2)=C1
384,AT-687/PE16675,CC1=CC(Cl)=C(NC(=O)COC2=CC(C)=NC(N3CCC4=C(C=CC=C4)C3)=N2)C=C1
385,AT-687/PE21180,CC(C)N1CCN(C(=O)C2=N/N3CC(C4=CC=C(Br)C=C4)OC\C3=C\2)CC1
386,AT-057/J151066,COC1=CC=C2OC(=O)C=C(CN3CCC4=C3C=CC=C4)C2=C1
387,AT-687/PE21875,CC1=C(NC(=O)C2CCCN(C3=NC=CN4N=C5CCCCC5=C34)C2)C=CC(F)=C1
388,AT-687/PE21247,O=C(NC1=CC(F)=CC=C1Cl)C1=N/N2CC(C3=C/C4=C(\C=C/3)OCO4)OC\C2=C\1
389,AT-687/PE21321,COC1=CC(OC)=C(CNC(=O)C2=NN3CC(C4=C/C5=C(\C=C/4)OCO5)OCC3=C2)C=C1
390,AT-687/PE21235,CC1=CC(C)=CC(NC(=O)C2=N/N3CC(C4=C/C5=C(\C=C/4)OCO5)OC\C3=C\2)=C1
391,AT-687/PE21187,CC1=C(C)C=C(NC(=O)C2=N/N3CC(C4=CC=C(Cl)C=C4)OC\C3=C\2)C=C1
392,AT-687/PE10230,CCOC(=O)C1=CC=CC(/N=C2\OC3=C(C=C2C(=O)NC2=C(OC)C=CC=C2)/C=C2/CCCN4CCCC3=C24)=C1
393,AT-687/PE21157,O=C(C1=N/N2CC(C3=CC=C(Cl)C=C3)OC\C2=C\1)N1CCCCC1
394,AT-687/PE21874,CC1=CC(F)=C(NC(=O)C2CCCN(C3=NC=CN4N=C5CCCCC5=C34)C2)C=C1
395,AT-687/PE21327,O=C(NCC1=C(Cl)C=C(F)C=C1)C1=NN2CC(C3=C/C4=C(\C=C/3)OCO4)OCC2=C1
396,AT-687/SK01675,CC1=NC2=C(CCCC2)C(N2CCC(NC(=O)C3=N/N4CCCO\C4=C\3)CC2)=N1
397,AT-687/PE21323,O=C(NCC1=CC=C(F)C=C1)C1=NN2CC(C3=C/C4=C(\C=C/3)OCO4)OCC2=C1
398,AT-687/PE21231,O=C(NC1=CC=CC=C1)C1=N/N2CC(C3=C/C4=C(\C=C/3)OCO4)OC\C2=C\1
399,AT-687/PE26853,O=C(NC1=CC(C(F)(F)F)=CC=C1)C1=N/N2CC(C3=CC=C(F)C=C3)OC\C2=C\1
400,AT-687/PE31689,CC1(C2=NC(C3=CC=CC=C3)=NO2)CCCNC1
401,AT-687/NB08502,CC1(C2=NC(C3=CC=CC=C3)=NO2)CCCNC1
402,AT-687/NB00035,CC1(C2=NC(C3=CC=CC=C3)=NO2)CCCNC1
403,AT-687/NB01828,N#CC1=C(N)SC2=C1CCC2
404,AN-153/I105018,N#CC1=C(N)SC2=C1CCC2
405,AT-084/J157520,N#CC1=C(N)SC2=C1CCC2
406,AT-687/PE32837,N#CC1=C(N)SC2=C1CCC2
407,AT-225/JK21174,N#CC1=C(N)SC2=C1CCC2
408,AT-687/PE31884,N#CC1=C(N)SC2=C1CCCC2
409,AP-853/J242318,N#CC1=C(N)SC2=C1CCCC2
410,AN-153/I100232,N#CC1=C(N)SC2=C1CCCC2
411,AT-819/OC00072,N#CC1=C(N)SC2=C1CCCC2
412,AT-084/J157521,N#CC1=C(N)SC2=C1CCCC2
413,AT-687/NB00447,N#CC1=C(N)SC2=C1CCCC2
414,AT-225/JK21285,N#CC1=C(N)SC2=C1CCCCC2
415,AT-687/SK12402,N#CC1=C(N)SC2=C1CCCCC2
416,AT-225/JK15582,N#CC1=C(N)SC2=C1CCCCC2
417,AT-225/JK15581,N#CC1=C(N)SC2=C1CCCCCC2
418,AT-687/PE19329,CC1(C2=NC(C3=CC=CC=C3)=NO2)CCCN(C(=O)C2=CN=CC=N2)C1
419,AT-687/SK17723,CC1(C2=NC(C3=CC=CC=C3)=NO2)CCCN(C(=O)CN2C=CN=C2)C1
420,AT-084/J162226,CC1CCC2=C(C1)SC(N)=C2C#N
421,AN-153/I124580,CC1CCC2=C(C1)SC(N)=C2C#N
422,AP-853/J242162,N#C/C1=C(\NC(=O)CSC2=NC=CC(O)=N2)SC2=C1CCCC2
423,AT-687/PE19330,CC1=NOC(C)=C1CN1CCCC(C)(C2=NC(C3=CC=CC=C3)=NO2)C1
424,AT-687/PE19320,COC1=NC=C(C(=O)N2CCCC(C)(C3=NC(C4CC4)=NO3)C2)C=C1
425,AT-687/PE19331,CC1=NOC(CN2CCCC(C)(C3=NC(C4=CC=CC=C4)=NO3)C2)=N1
426,AT-687/SK17725,CCC1=NC(CN2CCCC(C)(C3=NC(C4=CC=CC=C4)=NO3)C2)=NO1
427,AT-687/SK17721,CC1=NNC(C(=O)N2CCCC(C)(C3=NC(C4=CC=CC=C4)=NO3)C2)=C1
428,AT-225/JK21267,CC(C)(C)C1CCC2=C(C1)SC(N)=C2C#N
429,AT-687/NB00958,CC(C)(C)C1CCC2=C(C1)SC(N)=C2C#N
430,AN-153/I124583,CC(C)(C)C1CCC2=C(C1)SC(N)=C2C#N
431,AT-687/PE32216,CC(C)(C)C1CCC2=C(C1)SC(N)=C2C#N
432,AT-225/JK21271,CCC1CCC2=C(C1)SC(N)=C2C#N
433,AT-687/SK17724,CCC1=NOC(CN2CCCC(C)(C3=NC(C4=CC=CC=C4)=NO3)C2)=N1
434,AT-687/SK17722,CN1N=CC=C1C(=O)N1CCCC(C)(C2=NC(C3=CC=CC=C3)=NO2)C1
435,AT-687/SK17720,CN1C=CC=C1C(=O)N1CCCC(C)(C2=NC(C3=CC=CC=C3)=NO2)C1
436,AN-153/NB12164,N#CC1=C(N)SC2=C1CCN(CC1=CC=CC=C1)C2
437,AT-225/JK18545,N#CC1=C(N)SC2=C1CCN(CC1=CC=CC=C1)C2
438,AT-687/SK17710,CC1(C2=NC(C3CC3)=NO2)CCCN(C(=O)CC2=CC=CS2)C1
439,AT-225/JK21280,CCC(C)(C)C1CCC2=C(C1)SC(N)=C2C#N
440,AT-687/PE19316,CC1(C2=NC(C3CC3)=NO2)CCCN(C(=O)CC2=CSC=C2)C1
441,AT-687/SK17711,CC1(C2=NC(C3CC3)=NO2)CCCN(C(=O)C2=NC=CC=C2)C1
442,AT-225/JK15585,CN1CCC2=C(C1)SC(N)=C2C#N
443,AT-687/SK15998,CN1CCC2=C(C1)SC(N)=C2C#N
444,AN-153/I108034,CN1CCC2=C(C1)SC(N)=C2C#N
445,AT-687/SK08594,CC(C)(C)OC(=O)N1CCC2=C(C1)SC(N)=C2C#N
446,AT-687/SK06793,CCOC(=O)C1=C(CSC2=C3C(=NC=N2)SC2=C3CCC2)C(C#N)=C(N)S1
447,AT-687/SK17712,CC1(C2=NC(C3CC3)=NO2)CCCN(C(=O)C2=NC=CN=C2)C1
448,AN-153/I137971,COC1=CC2=C(C=C1)N/C(SCC(=O)N/C1=C(\C#N)C3=C(CCCC3)S1)=N\2
449,AT-687/SK11951,N#CC1=C(N)SC2=C1CCNC2
450,AT-687/PE19321,CC1(C2=NC(C3CC3)=NO2)CCCN(C(=O)CCC2=CC=CC=C2)C1
451,AT-687/SK17713,CC1(C2=NC(C3CC3)=NO2)CCCN(C(=O)C2=C\C=C3\NC=C\C3=C\2)C1
452,AT-687/SK17714,CC1(C2=NC(C3CC3)=NO2)CCCN(C(=O)C2=CSC=C2)C1
453,AT-687/SK17717,CC1(C2=NC(C3CC3)=NO2)CCCN(C(=O)CN2C=CN=C2)C1
454,AN-153/PE00329,CC(C)N1CCC2=C(C1)SC(N)=C2C#N
455,AT-687/SK17716,CC1(C2=NC(C3CC3)=NO2)CCCN(C(=O)C2=NNC3=C2CCCC3)C1
456,AM-879/J185590,COC1=CC(OC)=CC(C2=NN=C(SCC(=O)N/C3=C(\C#N)C4=C(CCCC4)S3)N2)=C1
457,AT-687/PE34656,CC1(C2=NC(C3CC3)=NO2)CCCNC1
458,AT-687/SK17718,CC1=NC=CN1CC(=O)N1CCCC(C)(C2=NC(C3CC3)=NO2)C1
459,AN-153/NB25396,N#C/C1=C(\NC(=O)CCS/C2=N/C3=C(C=CC=C3)O2)SC2=C1CCC2
460,AT-687/PE19318,CC1(C2=NC(C3CC3)=NO2)CCCN(C(=O)C2=C/C3=C(\C=C/2)NC=N3)C1
461,AT-687/PE19317,CC1(C2=NC(C3CC3)=NO2)CCCN(C(=O)C2=C/C3=C(\C=C/2)OCO3)C1
462,AN-153/NB15616,N#C/C1=C(\NC(=O)CCS/C2=N/C3=C(C=CC=C3)O2)SC2=C1CCCC2
463,AT-687/PE19324,CC1(C2=NC(C3CC3)=NO2)CCCN(C(=O)C2=CC(C3CC3)=NN2)C1
464,AT-687/PE19322,CC1(C2=NC(C3CC3)=NO2)CCCN(C(=O)C2=NNC3=C2C=CC=C3)C1
465,AT-687/PE19323,CC1=NOC(C)=C1CC(=O)N1CCCC(C)(C2=NC(C3CC3)=NO2)C1
466,AT-687/SK17709,CC1(C2=NC(C3CC3)=NO2)CCCN(C(=O)C2=COC=C2)C1
467,AT-687/SK17715,CN1C=CC=C1C(=O)N1CCCC(C)(C2=NC(C3CC3)=NO2)C1
468,AN-153/I135718,N#C/C1=C(\NC(=O)CS/C2=N/C3=CC=CC=C3O2)SC2=C1CCCC2
469,AN-153/I120893,N#CC1=C(/N=C/C2=CC=CN=C2)SC2=C1CCC2
470,AT-084/J158713,N#CC1=C(/N=C/C2=CN=CC=C2)SC2=C1CCC2
471,AT-687/PE19315,CC1(C2=NC(C3CC3)=NO2)CCCN(C(=O)C2=C(F)C=CC(F)=C2)C1
472,AN-153/I236325,COC1=CC=C(C(=O)N/C2=C(\C#N)C3=C(CCC3)S2)C=C1
473,AN-153/I215686,CCCOC1=CC=C(C(=O)N/C2=C(\C#N)C3=C(CCC3)S2)C=C1
474,AM-879/MD25802,COC1=CC=C2NC(/C(C#N)=C\C3=C(C)N(/C4=C(\C#N)C5=C(CCCC5)S4)C(C)=C3)=N\C2=C1
475,AT-139/J204542,COC1=CC2=C(C=C1)NC(/C(C#N)=C/C1=C(C)N(/C3=C(\C#N)C4=C(CCCC4)S3)C(C)=C1)=N\2
476,AN-153/I181368,COC1=CC=CC(C(=O)N/C2=C(\C#N)C3=C(CCC3)S2)=C1
477,AN-153/I240410,CC(SC1=NC(N)=CC(=O)N1)C(=O)N/C1=C(\C#N)C2=C(CCCC2)S1
478,AN-153/I135555,N#C/C1=C(\NC(=O)CSC2=NC=CC=C2)SC2=C1CCC2
479,AM-879/PD02471,COC1=CC=C(/C=N/C2=C(C#N)C3=C(CCCC3)S2)C=C1
480,AN-153/I152895,CC1=CC2=C(C=C1)N/C(SCC(=O)N/C1=C(\C#N)C3=C(CCC3)S1)=N\2
481,AN-153/I224048,CCCOC1=CC=CC(C(=O)N/C2=C(\C#N)C3=C(CCCC3)S2)=C1
482,AT-687/PE19326,CC1(C2=NC(C3CC3)=NO2)CCCN(CC2=NOC(C3CC3)=N2)C1
483,AN-153/I137970,CC1=CC2=C(C=C1)N/C(SCC(=O)N/C1=C(\C#N)C3=C(CCCC3)S1)=N\2
484,AN-153/I226308,CCOC1=CC=C(C(=O)N/C2=C(\C#N)C3=C(CCC3)S2)C=C1
485,AT-687/PE19312,CC1(C2=NC(C3CC3)=NO2)CCCN(C(=O)CC2CCCCC2)C1
486,AT-225/NB85496,CC1=CC(=O)NC(SCC(=O)N/C2=C(C#N)/C3=C(/CCCCCC3)S2)=N1
487,AN-153/I162547,N#C/C1=C(\NC(=O)CSC2=NC(N)=CC(=O)N2)SC2=C1CCCC2
488,AN-153/I169830,N#C/C1=C(\NC(=O)CSC2=NC(=O)C=C(N)N2)SC2=C1CCCC2
489,AT-687/SK17719,CC1(C2=NC(C3CC3)=NO2)CCCN(CC2=NOC(C3=CC=CO3)=N2)C1
490,AT-687/PE23614,COC1=CC=C(C2CN3N=NC(C4=NOC(C5=CC=CC=N5)=N4)=C3CO2)C=C1
491,AN-153/I189190,N#C/C1=C(\NC(=O)CSC2=NC(N)=CC(O)=N2)SC2=C1CCCC2
492,AN-153/I283643,CCC(SC1=NN=C(C2=CC=CC=C2)C=N1)C(=O)N/C1=C(\C#N)C2=C(CCCC2)S1
493,AN-153/I226312,COC1=CC(OC)=CC(C(=O)N/C2=C(\C#N)C3=C(CCC3)S2)=C1
494,AT-687/PE19313,CC1(C2=NC(C3CC3)=NO2)CCCN(C(=O)CCC2CCCC2)C1
495,AN-153/I224141,CC(C)OC1=CC=C(C(=O)N/C2=C(\C#N)C3=C(CCC3)S2)C=C1
496,AT-687/PE19314,CC1(C2=NC(C3CC3)=NO2)CCCN(C(=O)C2=CC(F)=C(F)C=C2)C1
497,AN-153/I184185,CCOC1=CC=C2/N=C(/SCC(=O)N/C3=C(\C#N)C4=C(CCC4)S3)SC2=C1
498,AN-153/I176664,COC1=CC(OC)=CC(C(=O)N/C2=C(\C#N)C3=C(CCCC3)S2)=C1
499,AT-687/PE19319,CC1(C2=NC(C3CC3)=NO2)CCCN(C(=O)CC2CCCC2)C1
500,AT-687/PE31689,CC1(C2=NC(C3=CC=CC=C3)=NO2)CCCNC1
501,AT-687/NB08502,CC1(C2=NC(C3=CC=CC=C3)=NO2)CCCNC1
502,AT-687/NB00035,CC1(C2=NC(C3=CC=CC=C3)=NO2)CCCNC1
503,AT-687/NB01828,N#CC1=C(N)SC2=C1CCC2
504,AN-153/I105018,N#CC1=C(N)SC2=C1CCC2
505,AT-084/J157520,N#CC1=C(N)SC2=C1CCC2
506,AT-687/PE32837,N#CC1=C(N)SC2=C1CCC2
507,AT-225/JK21174,N#CC1=C(N)SC2=C1CCC2
508,AT-687/PE31884,N#CC1=C(N)SC2=C1CCCC2
509,AP-853/J242318,N#CC1=C(N)SC2=C1CCCC2
510,AN-153/I100232,N#CC1=C(N)SC2=C1CCCC2
511,AT-819/OC00072,N#CC1=C(N)SC2=C1CCCC2
512,AT-084/J157521,N#CC1=C(N)SC2=C1CCCC2
513,AT-687/NB00447,N#CC1=C(N)SC2=C1CCCC2
514,AT-225/JK21285,N#CC1=C(N)SC2=C1CCCCC2
515,AT-687/SK12402,N#CC1=C(N)SC2=C1CCCCC2
516,AT-225/JK15582,N#CC1=C(N)SC2=C1CCCCC2
517,AT-225/JK15581,N#CC1=C(N)SC2=C1CCCCCC2
518,AT-687/PE19329,CC1(C2=NC(C3=CC=CC=C3)=NO2)CCCN(C(=O)C2=CN=CC=N2)C1
519,AT-687/SK17723,CC1(C2=NC(C3=CC=CC=C3)=NO2)CCCN(C(=O)CN2C=CN=C2)C1
520,AT-084/J162226,CC1CCC2=C(C1)SC(N)=C2C#N
521,AN-153/I124580,CC1CCC2=C(C1)SC(N)=C2C#N
522,AP-853/J242162,N#C/C1=C(\NC(=O)CSC2=NC=CC(O)=N2)SC2=C1CCCC2
523,AT-687/PE19330,CC1=NOC(C)=C1CN1CCCC(C)(C2=NC(C3=CC=CC=C3)=NO2)C1
524,AT-687/PE19320,COC1=NC=C(C(=O)N2CCCC(C)(C3=NC(C4CC4)=NO3)C2)C=C1
525,AT-687/PE19331,CC1=NOC(CN2CCCC(C)(C3=NC(C4=CC=CC=C4)=NO3)C2)=N1
526,AT-687/SK17725,CCC1=NC(CN2CCCC(C)(C3=NC(C4=CC=CC=C4)=NO3)C2)=NO1
527,AT-687/SK17721,CC1=NNC(C(=O)N2CCCC(C)(C3=NC(C4=CC=CC=C4)=NO3)C2)=C1
528,AT-225/JK21267,CC(C)(C)C1CCC2=C(C1)SC(N)=C2C#N
529,AT-687/NB00958,CC(C)(C)C1CCC2=C(C1)SC(N)=C2C#N
530,AN-153/I124583,CC(C)(C)C1CCC2=C(C1)SC(N)=C2C#N
531,AT-687/PE32216,CC(C)(C)C1CCC2=C(C1)SC(N)=C2C#N
532,AT-225/JK21271,CCC1CCC2=C(C1)SC(N)=C2C#N
533,AT-687/SK17724,CCC1=NOC(CN2CCCC(C)(C3=NC(C4=CC=CC=C4)=NO3)C2)=N1
534,AT-687/SK17722,CN1N=CC=C1C(=O)N1CCCC(C)(C2=NC(C3=CC=CC=C3)=NO2)C1
535,AT-687/SK17720,CN1C=CC=C1C(=O)N1CCCC(C)(C2=NC(C3=CC=CC=C3)=NO2)C1
536,AN-153/NB12164,N#CC1=C(N)SC2=C1CCN(CC1=CC=CC=C1)C2
537,AT-225/JK18545,N#CC1=C(N)SC2=C1CCN(CC1=CC=CC=C1)C2
538,AT-687/SK17710,CC1(C2=NC(C3CC3)=NO2)CCCN(C(=O)CC2=CC=CS2)C1
539,AT-225/JK21280,CCC(C)(C)C1CCC2=C(C1)SC(N)=C2C#N
540,AT-687/PE19316,CC1(C2=NC(C3CC3)=NO2)CCCN(C(=O)CC2=CSC=C2)C1
541,AT-687/SK17711,CC1(C2=NC(C3CC3)=NO2)CCCN(C(=O)C2=NC=CC=C2)C1
542,AT-225/JK15585,CN1CCC2=C(C1)SC(N)=C2C#N
543,AT-687/SK15998,CN1CCC2=C(C1)SC(N)=C2C#N
544,AN-153/I108034,CN1CCC2=C(C1)SC(N)=C2C#N
545,AT-687/SK08594,CC(C)(C)OC(=O)N1CCC2=C(C1)SC(N)=C2C#N
546,AT-687/SK06793,CCOC(=O)C1=C(CSC2=C3C(=NC=N2)SC2=C3CCC2)C(C#N)=C(N)S1
547,AT-687/SK17712,CC1(C2=NC(C3CC3)=NO2)CCCN(C(=O)C2=NC=CN=C2)C1
548,AN-153/I137971,COC1=CC2=C(C=C1)N/C(SCC(=O)N/C1=C(\C#N)C3=C(CCCC3)S1)=N\2
549,AT-687/SK11951,N#CC1=C(N)SC2=C1CCNC2
550,AT-687/PE19321,CC1(C2=NC(C3CC3)=NO2)CCCN(C(=O)CCC2=CC=CC=C2)C1
551,AT-687/SK17713,CC1(C2=NC(C3CC3)=NO2)CCCN(C(=O)C2=C\C=C3\NC=C\C3=C\2)C1
552,AT-687/SK17714,CC1(C2=NC(C3CC3)=NO2)CCCN(C(=O)C2=CSC=C2)C1
553,AT-687/SK17717,CC1(C2=NC(C3CC3)=NO2)CCCN(C(=O)CN2C=CN=C2)C1
554,AN-153/PE00329,CC(C)N1CCC2=C(C1)SC(N)=C2C#N
555,AT-687/SK17716,CC1(C2=NC(C3CC3)=NO2)CCCN(C(=O)C2=NNC3=C2CCCC3)C1
556,AM-879/J185590,COC1=CC(OC)=CC(C2=NN=C(SCC(=O)N/C3=C(\C#N)C4=C(CCCC4)S3)N2)=C1
557,AT-687/PE34656,CC1(C2=NC(C3CC3)=NO2)CCCNC1
558,AT-687/SK17718,CC1=NC=CN1CC(=O)N1CCCC(C)(C2=NC(C3CC3)=NO2)C1
559,AN-153/NB25396,N#C/C1=C(\NC(=O)CCS/C2=N/C3=C(C=CC=C3)O2)SC2=C1CCC2
560,AT-687/PE19318,CC1(C2=NC(C3CC3)=NO2)CCCN(C(=O)C2=C/C3=C(\C=C/2)NC=N3)C1
561,AT-687/PE19317,CC1(C2=NC(C3CC3)=NO2)CCCN(C(=O)C2=C/C3=C(\C=C/2)OCO3)C1
562,AN-153/NB15616,N#C/C1=C(\NC(=O)CCS/C2=N/C3=C(C=CC=C3)O2)SC2=C1CCCC2
563,AT-687/PE19324,CC1(C2=NC(C3CC3)=NO2)CCCN(C(=O)C2=CC(C3CC3)=NN2)C1
564,AT-687/PE19322,CC1(C2=NC(C3CC3)=NO2)CCCN(C(=O)C2=NNC3=C2C=CC=C3)C1
565,AT-687/PE19323,CC1=NOC(C)=C1CC(=O)N1CCCC(C)(C2=NC(C3CC3)=NO2)C1
566,AT-687/SK17709,CC1(C2=NC(C3CC3)=NO2)CCCN(C(=O)C2=COC=C2)C1
567,AT-687/SK17715,CN1C=CC=C1C(=O)N1CCCC(C)(C2=NC(C3CC3)=NO2)C1
568,AN-153/I135718,N#C/C1=C(\NC(=O)CS/C2=N/C3=CC=CC=C3O2)SC2=C1CCCC2
569,AN-153/I120893,N#CC1=C(/N=C/C2=CC=CN=C2)SC2=C1CCC2
570,AT-084/J158713,N#CC1=C(/N=C/C2=CN=CC=C2)SC2=C1CCC2
571,AT-687/PE19315,CC1(C2=NC(C3CC3)=NO2)CCCN(C(=O)C2=C(F)C=CC(F)=C2)C1
572,AN-153/I236325,COC1=CC=C(C(=O)N/C2=C(\C#N)C3=C(CCC3)S2)C=C1
573,AN-153/I215686,CCCOC1=CC=C(C(=O)N/C2=C(\C#N)C3=C(CCC3)S2)C=C1
574,AM-879/MD25802,COC1=CC=C2NC(/C(C#N)=C\C3=C(C)N(/C4=C(\C#N)C5=C(CCCC5)S4)C(C)=C3)=N\C2=C1
575,AT-139/J204542,COC1=CC2=C(C=C1)NC(/C(C#N)=C/C1=C(C)N(/C3=C(\C#N)C4=C(CCCC4)S3)C(C)=C1)=N\2
576,AN-153/I181368,COC1=CC=CC(C(=O)N/C2=C(\C#N)C3=C(CCC3)S2)=C1
577,AN-153/I240410,CC(SC1=NC(N)=CC(=O)N1)C(=O)N/C1=C(\C#N)C2=C(CCCC2)S1
578,AN-153/I135555,N#C/C1=C(\NC(=O)CSC2=NC=CC=C2)SC2=C1CCC2
579,AM-879/PD02471,COC1=CC=C(/C=N/C2=C(C#N)C3=C(CCCC3)S2)C=C1
580,AN-153/I152895,CC1=CC2=C(C=C1)N/C(SCC(=O)N/C1=C(\C#N)C3=C(CCC3)S1)=N\2
581,AN-153/I224048,CCCOC1=CC=CC(C(=O)N/C2=C(\C#N)C3=C(CCCC3)S2)=C1
582,AT-687/PE19326,CC1(C2=NC(C3CC3)=NO2)CCCN(CC2=NOC(C3CC3)=N2)C1
583,AN-153/I137970,CC1=CC2=C(C=C1)N/C(SCC(=O)N/C1=C(\C#N)C3=C(CCCC3)S1)=N\2
584,AN-153/I226308,CCOC1=CC=C(C(=O)N/C2=C(\C#N)C3=C(CCC3)S2)C=C1
585,AT-687/PE19312,CC1(C2=NC(C3CC3)=NO2)CCCN(C(=O)CC2CCCCC2)C1
586,AT-225/NB85496,CC1=CC(=O)NC(SCC(=O)N/C2=C(C#N)/C3=C(/CCCCCC3)S2)=N1
587,AN-153/I162547,N#C/C1=C(\NC(=O)CSC2=NC(N)=CC(=O)N2)SC2=C1CCCC2
588,AN-153/I169830,N#C/C1=C(\NC(=O)CSC2=NC(=O)C=C(N)N2)SC2=C1CCCC2
589,AT-687/SK17719,CC1(C2=NC(C3CC3)=NO2)CCCN(CC2=NOC(C3=CC=CO3)=N2)C1
590,AT-687/PE23614,COC1=CC=C(C2CN3N=NC(C4=NOC(C5=CC=CC=N5)=N4)=C3CO2)C=C1
591,AN-153/I189190,N#C/C1=C(\NC(=O)CSC2=NC(N)=CC(O)=N2)SC2=C1CCCC2
592,AN-153/I283643,CCC(SC1=NN=C(C2=CC=CC=C2)C=N1)C(=O)N/C1=C(\C#N)C2=C(CCCC2)S1
593,AN-153/I226312,COC1=CC(OC)=CC(C(=O)N/C2=C(\C#N)C3=C(CCC3)S2)=C1
594,AT-687/PE19313,CC1(C2=NC(C3CC3)=NO2)CCCN(C(=O)CCC2CCCC2)C1
595,AN-153/I224141,CC(C)OC1=CC=C(C(=O)N/C2=C(\C#N)C3=C(CCC3)S2)C=C1
596,AT-687/PE19314,CC1(C2=NC(C3CC3)=NO2)CCCN(C(=O)C2=CC(F)=C(F)C=C2)C1
597,AN-153/I184185,CCOC1=CC=C2/N=C(/SCC(=O)N/C3=C(\C#N)C4=C(CCC4)S3)SC2=C1
598,AN-153/I176664,COC1=CC(OC)=CC(C(=O)N/C2=C(\C#N)C3=C(CCCC3)S2)=C1
599,AT-687/PE19319,CC1(C2=NC(C3CC3)=NO2)CCCN(C(=O)CC2CCCC2)C1
600,AN-153/I124583,CC(C)(C)C1CCC2=C(C1)SC(N)=C2C#N
601,AT-687/NB00958,CC(C)(C)C1CCC2=C(C1)SC(N)=C2C#N
602,AT-225/JK21267,CC(C)(C)C1CCC2=C(C1)SC(N)=C2C#N
603,AT-687/PE32216,CC(C)(C)C1CCC2=C(C1)SC(N)=C2C#N
604,AT-225/JK21280,CCC(C)(C)C1CCC2=C(C1)SC(N)=C2C#N
605,AN-153/I105018,N#CC1=C(N)SC2=C1CCC2
606,AT-084/J157520,N#CC1=C(N)SC2=C1CCC2
607,AT-687/NB01828,N#CC1=C(N)SC2=C1CCC2
608,AT-225/JK21174,N#CC1=C(N)SC2=C1CCC2
609,AT-687/PE32837,N#CC1=C(N)SC2=C1CCC2
610,AT-687/NB00447,N#CC1=C(N)SC2=C1CCCC2
611,AT-819/OC00072,N#CC1=C(N)SC2=C1CCCC2
612,AP-853/J242318,N#CC1=C(N)SC2=C1CCCC2
613,AT-084/J157521,N#CC1=C(N)SC2=C1CCCC2
614,AT-687/PE31884,N#CC1=C(N)SC2=C1CCCC2
615,AN-153/I100232,N#CC1=C(N)SC2=C1CCCC2
616,AT-225/JK15581,N#CC1=C(N)SC2=C1CCCCCC2
617,AT-225/JK21285,N#CC1=C(N)SC2=C1CCCCC2
618,AT-225/JK15582,N#CC1=C(N)SC2=C1CCCCC2
619,AT-687/SK12402,N#CC1=C(N)SC2=C1CCCCC2
620,AN-153/I124580,CC1CCC2=C(C1)SC(N)=C2C#N
621,AT-084/J162226,CC1CCC2=C(C1)SC(N)=C2C#N
622,AN-153/I240410,CC(SC1=NC(N)=CC(=O)N1)C(=O)N/C1=C(\C#N)C2=C(CCCC2)S1
623,AN-153/I137971,COC1=CC2=C(C=C1)N/C(SCC(=O)N/C1=C(\C#N)C3=C(CCCC3)S1)=N\2
624,AT-225/JK21271,CCC1CCC2=C(C1)SC(N)=C2C#N
625,AN-153/I169830,N#C/C1=C(\NC(=O)CSC2=NC(=O)C=C(N)N2)SC2=C1CCCC2
626,AN-153/I162547,N#C/C1=C(\NC(=O)CSC2=NC(N)=CC(=O)N2)SC2=C1CCCC2
627,AN-153/I189190,N#C/C1=C(\NC(=O)CSC2=NC(N)=CC(O)=N2)SC2=C1CCCC2
628,AM-879/J185590,COC1=CC(OC)=CC(C2=NN=C(SCC(=O)N/C3=C(\C#N)C4=C(CCCC4)S3)N2)=C1
629,AT-225/NB85496,CC1=CC(=O)NC(SCC(=O)N/C2=C(C#N)/C3=C(/CCCCCC3)S2)=N1
630,AT-687/SK08594,CC(C)(C)OC(=O)N1CCC2=C(C1)SC(N)=C2C#N
631,AN-153/I144955,CCC(SC1=NC(C)=CC(C)=N1)C(=O)N/C1=C(\C#N)C2=C(CCCC2)S1
632,AN-153/NB12164,N#CC1=C(N)SC2=C1CCN(CC1=CC=CC=C1)C2
633,AT-225/JK18545,N#CC1=C(N)SC2=C1CCN(CC1=CC=CC=C1)C2
634,AN-153/I108034,CN1CCC2=C(C1)SC(N)=C2C#N
635,AT-687/SK15998,CN1CCC2=C(C1)SC(N)=C2C#N
636,AT-225/JK15585,CN1CCC2=C(C1)SC(N)=C2C#N
637,AT-138/QI00476,COCC1=C(C#N)C(SCC(=O)N/C2=C(\C#N)C3=C(CC(C(C)(C)C)CC3)S2)=NC(C)=C1
638,AN-153/I152895,CC1=CC2=C(C=C1)N/C(SCC(=O)N/C1=C(\C#N)C3=C(CCC3)S1)=N\2
639,AT-687/SK11951,N#CC1=C(N)SC2=C1CCNC2
640,AN-153/PE00329,CC(C)N1CCC2=C(C1)SC(N)=C2C#N
641,AN-153/I137970,CC1=CC2=C(C=C1)N/C(SCC(=O)N/C1=C(\C#N)C3=C(CCCC3)S1)=N\2
642,AM-879/MD25802,COC1=CC=C2NC(/C(C#N)=C\C3=C(C)N(/C4=C(\C#N)C5=C(CCCC5)S4)C(C)=C3)=N\C2=C1
643,AT-139/J204542,COC1=CC2=C(C=C1)NC(/C(C#N)=C/C1=C(C)N(/C3=C(\C#N)C4=C(CCCC4)S3)C(C)=C1)=N\2
644,AT-687/SK06793,CCOC(=O)C1=C(CSC2=C3C(=NC=N2)SC2=C3CCC2)C(C#N)=C(N)S1
645,AT-687/PE23587,CC1=CC=C(C2CN3N=NC(C4=NOC(C5=NNC6=C5CCCC6)=N4)=C3CO2)C=C1
646,AT-139/J203131,COC1=CC(OC)=C(/C=N/C2=C(C#N)C3=C(CCCC3)S2)C=C1Br
647,AT-225/NB57100,C1CCC2=C(CC1)C(C1=NOC3=C1CCCCC3)=NO2
648,AN-153/I286268,N#CC1=CC(C#N)=C(SCC(=O)N/C2=C(\C#N)C3=C(CCCC3)S2)N=C1N
649,AN-153/I226312,COC1=CC(OC)=CC(C(=O)N/C2=C(\C#N)C3=C(CCC3)S2)=C1
650,AM-879/MD23769,N#CC1=C(/N=C/C2=CC=C(SC3=NN=C(C4=C(Cl)C=C(Cl)C=C4)N3)C([N+](=O)[O-])=C2)SC2=C1CCCC2
651,AM-879/PD02850,COC1=CC(/C=N/C2=C(C#N)C3=C(CCCC3)S2)=C([N+](=O)[O-])C=C1OC
652,AN-153/I108687,N#CC1=CC(C#N)=C(SCC(=O)N/C2=C(\C#N)C3=C(CCCCC3)S2)N=C1N
653,AM-879/PD04769,CN1C(SCC(=O)N/C2=C(\C#N)C3=C(CC(C(C)(C)C)CC3)S2)=NN=C1C1=CC=CO1
654,AM-879/J184541,CC1=NN=C(SCC(=O)N/C2=C(\C#N)C3=C(CC(C(C)(C)C)CC3)S2)N1
655,AT-687/NB04344,NC1=C(C2=NC(C3=CC4=C(C=CC=C4)OC3=O)=CS2)C2=C(CCCC2)S1
656,AN-153/I176664,COC1=CC(OC)=CC(C(=O)N/C2=C(\C#N)C3=C(CCCC3)S2)=C1
657,AN-153/I135718,N#C/C1=C(\NC(=O)CS/C2=N/C3=CC=CC=C3O2)SC2=C1CCCC2
658,AM-879/PD04539,COC1=CC=C(CC(=O)NCC2=NN=C(SCC(=O)N/C3=C(\C#N)C4=C(CC(C(C)(C)C)CC4)S3)N2C)C=C1
659,AT-225/NB76883,COC1=CC(/C=N/NC(=O)C(=O)N/C2=C(\C#N)C3=C(CCCC3)S2)=C(OC)C=C1OC
660,AN-153/I178397,COC1=CC(C(=O)N/C2=C(\C#N)C3=C(CC(C(C)(C)C)CC3)S2)=CC(OC)=C1OC
661,AM-879/PD04538,CCN1C(SCC(=O)N/C2=C(\C#N)C3=C(CC(C(C)(C)C)CC3)S2)=NN=C1C1=CC(C)=CC=C1
662,AT-225/NB77309,CC1=CC2=C(C=C1)C=C(/C=N/NC(=O)C(=O)N/C1=C(\C#N)C3=C(CCCC3)S1)C(Cl)=N2
663,AP-853/J242162,N#C/C1=C(\NC(=O)CSC2=NC=CC(O)=N2)SC2=C1CCCC2
664,AM-879/PD05190,CC1=CC=C(C2=NN=C(SCC(=O)N/C3=C(\C#N)C4=C(CC(C(C)(C)C)CC4)S3)O2)C=C1
665,AP-853/J241823,CC1=CSC(SCC(=O)N/C2=C(\C#N)C3=C(CCCC3)S2)=N1
666,AN-153/I184185,CCOC1=CC=C2/N=C(/SCC(=O)N/C3=C(\C#N)C4=C(CCC4)S3)SC2=C1
667,AN-153/I240406,CC(SC1=N/C2=C(/N=N/1)C1=C(C=CC=C1)N2)C(=O)N/C1=C(\C#N)C2=C(CCCC2)S1
668,AM-879/PD00801,N#CC1=C(/N=C/C2=CC3=C(C=C2[N+](=O)[O-])OCO3)SC2=C1CCCC2
669,AT-225/NB68781,N#C/C1=C(\NC(=O)C(=O)N/N=C/C2=C(OC(=O)C3=CC=C(Cl)C=C3)C=C(OC(=O)C3=CC=C(Cl)C=C3)C=C2)SC2=C1CCCC2
670,AN-153/I181444,COC1=CC=C(O)C(/C=N/NC2=NN=C(SCC(=O)N/C3=C(\C#N)C4=C(CCC4)S3)N2)=C1
671,AN-153/I119885,CCOC1=CC2=C(C=C1)/N=C(/SCC(=O)N/C1=C(\C#N)C3=C(CCCC3)S1)S2
672,AT-139/J187536,N#CC1=C(/N=C/C2=C(Br)C=C3OCOC3=C2)SC2=C1CCCC2
673,AN-153/I224047,CC1=CC(C)=CC(OCC(=O)N/C2=C(\C#N)C3=C(CCCC3)S2)=C1
674,AN-153/NB25396,N#C/C1=C(\NC(=O)CCS/C2=N/C3=C(C=CC=C3)O2)SC2=C1CCC2
675,AM-879/PD04591,COC1=CC=C(CC2=NN=C(SCC(=O)N/C3=C(\C#N)C4=C(CCCC4)S3)N2)C=C1
676,AN-153/I263452,CCC1=CC=C(C(=O)N(C(=O)C2=CC=C(CC)C=C2)/C2=C(\C#N)C3=C(CCC3)S2)C=C1
677,AT-687/SK06088,CC(SC1=NN=C(C2=C/C3=C(\C=C/2)OCO3)O1)C(=O)N/C1=C(\C#N)C2=C(CCCCC2)S1
678,AN-153/NB15616,N#C/C1=C(\NC(=O)CCS/C2=N/C3=C(C=CC=C3)O2)SC2=C1CCCC2
679,AN-153/I283858,CCC1=CC=C(C(=O)N(C(=O)C2=CC=C(CC)C=C2)/C2=C(\C#N)C3=C(CCCC3)S2)C=C1
680,AN-153/I255605,COC1=CC(OC)=C(C(=O)N/C2=C(\C#N)C3=C(CCC3)S2)C=C1
681,AN-153/I226296,CCC1=CC=C(OCC(=O)N/C2=C(\C#N)C3=C(CCCC3)S2)C=C1
682,AN-153/I236325,COC1=CC=C(C(=O)N/C2=C(\C#N)C3=C(CCC3)S2)C=C1
683,AN-153/I137972,N#C/C1=C(\NC(=O)CSC2=NC(C3=CC=CC=C3)=C(C3=CC=CC=C3)O2)SC2=C1CCCC2
684,AT-225/NB77350,COC1=CC=C(OC)C(/C=N/NC(=O)C(=O)N/C2=C(\C#N)C3=C(CCCC3)S2)=C1
685,AT-225/NB49890,COC1=CC=C(O)C(/C=N/NC(=O)C(=O)N/C2=C(\C#N)C3=C(CCCC3)S2)=C1
686,AN-153/NB13845,CC(C)(C)C1CCC2=C(C1)S/C(NC(=O)CCl)=C\2C#N
687,AN-153/J118716,N#C/C1=C(\NC(=O)CSC2=CC=NC3=CC(Cl)=CC=C32)SC2=C1CCCC2
688,AN-153/PE02955,CCC(C)(C)C1CCC2=C(C1)S/C(NC(=O)CSC#N)=C\2C#N
689,AM-879/PD02471,COC1=CC=C(/C=N/C2=C(C#N)C3=C(CCCC3)S2)C=C1
690,AT-139/J196923,CC1=CC(/C=C(\C#N)C(=O)NCC2CCCO2)=C(C)N1/C1=C(\C#N)C2=C(CCCC2)S1
691,AM-879/PD01907,CCOC1=C(O)C=CC(/C=N/C2=C(C#N)C3=C(CCCC3)S2)=C1
692,AN-153/I272940,N#C/C1=C(\NC(=O)CSC2=CN=NN2)SC2=C1CCCC2
693,AM-879/J183597,CCN(CC)C1=CC(O)=C(/C=N/C2=C(C#N)C3=C(CC(C(C)(C)C)CC3)S2)C=C1
694,AM-879/PD04764,COC1=CC=C(CC2=NN=C(SCC(=O)N/C3=C(\C#N)C4=C(CCCC4)S3)O2)C=C1
695,AN-153/I194067,N#C/C1=C(\NC(=O)CC2=CC=C(Cl)C=C2)SC2=C1CCC2
696,AN-153/I280242,CC(C)(C)C1CCC2=C(C1)S/C(NC(=O)C1=CC=C(C3=CC4=CC=CC=C4OC3=O)C=C1)=C\2C#N
697,AT-225/NB79116,N#C/C1=C(\NC(=O)C(=O)N/N=C/C2=CC(Br)=CC=C2OC(=O)/C=C/C2=CC=CC=C2)SC2=C1CCCC2
698,AN-153/I240405,CC(SC1=NN=C(N)S1)C(=O)N/C1=C(\C#N)C2=C(CCCC2)S1
699,AT-225/NB75261,CC1(C)C(C=C(Cl)Cl)C1C(=O)N/C1=C(\C#N)C2=C(CCCC2)S1
700,AT-139/J204542,COC1=CC2=C(C=C1)NC(/C(C#N)=C/C1=C(C)N(/C3=C(\C#N)C4=C(CCCC4)S3)C(C)=C1)=N\2
701,AM-879/MD25802,COC1=CC=C2NC(/C(C#N)=C\C3=C(C)N(/C4=C(\C#N)C5=C(CCCC5)S4)C(C)=C3)=N\C2=C1
702,AT-225/NB77288,COC1=CC=C(C2=NN(C3=CC=CC=C3)C=C2/C=N/NC(=O)C(=O)N/C2=C(\C#N)C3=C(CCCC3)S2)C=C1
703,AN-153/I137971,COC1=CC2=C(C=C1)N/C(SCC(=O)N/C1=C(\C#N)C3=C(CCCC3)S1)=N\2
704,AT-687/NB03490,CCCC1=NC(C2=CC=C(N3C=CC(C(=O)OC)=N3)C=C2)=NO1
705,AT-687/NB03489,CCC1=NC(C2=CC=C(N3C=CC(C(=O)O)=N3)C=C2)=NO1
706,AT-687/PE32958,CCC1=NC(C2=CC=C(N3C=CC(C(=O)O)=N3)C=C2)=NO1
707,AT-687/PE32959,CCC1=NC(C2=CC=C(N3C=CC(C(=O)OC)=N3)C=C2)=NO1
708,AT-687/NB03491,CCC1=NC(C2=CC=C(N3C=CC(C(=O)OC)=N3)C=C2)=NO1
709,AT-225/NB80893,N#C/C1=C(\NC(=O)C(=O)N/N=C/C2=CN(C3=CC=CC=C3)N=C2C2=CC=C(OCC3=CC=CC=C3)C=C2)SC2=C1CCCC2
710,AT-687/PE32961,COC(=O)C1=NN(C2=CC=C(C3=NOC(C)=N3)C=C2)C=C1
711,AT-687/NB03493,COC(=O)C1=NN(C2=CC=C(C3=NOC(C)=N3)C=C2)C=C1
712,AT-225/NB80519,CCCOC1=CC=C(C2=NN(C3=CC=CC=C3)C=C2/C=N/NC(=O)C(=O)N/C2=C(\C#N)C3=C(CCCC3)S2)C=C1
713,AT-225/NB49474,N#C/C1=C(\NC(=O)C(=O)N/N=C/C2=CN(C3=CC=CC=C3)N=C2C2=CC=C(Br)C=C2)SC2=C1CCCC2
714,AT-225/NB76855,CC1=CC=C(C2=NN(C3=CC=CC=C3)C=C2/C=N/NC(=O)C(=O)N/C2=C(\C#N)C3=C(CCCC3)S2)C=C1
715,AT-225/NB49452,N#C/C1=C(\NC(=O)C(=O)N/N=C/C2=CN(C3=CC=CC=C3)N=C2C2=CC=C(F)C=C2)SC2=C1CCCC2
716,AT-225/NB49654,N#C/C1=C(\NC(=O)C(=O)N/N=C/C2=CN(C3=CC=CC=C3)N=C2C2=CC=CC=C2)SC2=C1CCCC2
717,AP-853/J242427,N#C/C1=C(\NC(=O)CSC2=NN=NN2C2=CC=C(C(=O)O)C=C2)SC2=C1CCCC2
718,AN-153/I181368,COC1=CC=CC(C(=O)N/C2=C(\C#N)C3=C(CCC3)S2)=C1
719,AN-153/I236325,COC1=CC=C(C(=O)N/C2=C(\C#N)C3=C(CCC3)S2)C=C1
720,AN-153/I240410,CC(SC1=NC(N)=CC(=O)N1)C(=O)N/C1=C(\C#N)C2=C(CCCC2)S1
721,AT-225/JK21174,N#CC1=C(N)SC2=C1CCC2
722,AT-687/PE32837,N#CC1=C(N)SC2=C1CCC2
723,AT-687/NB01828,N#CC1=C(N)SC2=C1CCC2
724,AN-153/I105018,N#CC1=C(N)SC2=C1CCC2
725,AT-084/J157520,N#CC1=C(N)SC2=C1CCC2
726,AM-879/J185590,COC1=CC(OC)=CC(C2=NN=C(SCC(=O)N/C3=C(\C#N)C4=C(CCCC4)S3)N2)=C1
727,AT-225/NB65395,COC1=CC=C(C(=O)OC2=CC(/C=N/NC(=O)C(=O)N/C3=C(\C#N)C4=C(CCCC4)S3)=CC=C2)C=C1
728,AT-819/OC00072,N#CC1=C(N)SC2=C1CCCC2
729,AT-687/PE31884,N#CC1=C(N)SC2=C1CCCC2
730,AT-084/J157521,N#CC1=C(N)SC2=C1CCCC2
731,AN-153/I100232,N#CC1=C(N)SC2=C1CCCC2
732,AT-687/NB00447,N#CC1=C(N)SC2=C1CCCC2
733,AP-853/J242318,N#CC1=C(N)SC2=C1CCCC2
734,AT-687/SK05526,NC(=O)C1=CC=C(N2C=CC(C(=O)O)=N2)C=C1
735,AN-153/I226312,COC1=CC(OC)=CC(C(=O)N/C2=C(\C#N)C3=C(CCC3)S2)=C1
736,AT-225/JK21285,N#CC1=C(N)SC2=C1CCCCC2
737,AT-687/SK12402,N#CC1=C(N)SC2=C1CCCCC2
738,AT-225/JK15582,N#CC1=C(N)SC2=C1CCCCC2
739,AT-225/JK15581,N#CC1=C(N)SC2=C1CCCCCC2
740,AN-153/I224141,CC(C)OC1=CC=C(C(=O)N/C2=C(\C#N)C3=C(CCC3)S2)C=C1
741,AN-153/I176664,COC1=CC(OC)=CC(C(=O)N/C2=C(\C#N)C3=C(CCCC3)S2)=C1
742,AN-153/I255605,COC1=CC(OC)=C(C(=O)N/C2=C(\C#N)C3=C(CCC3)S2)C=C1
743,AN-153/I152895,CC1=CC2=C(C=C1)N/C(SCC(=O)N/C1=C(\C#N)C3=C(CCC3)S1)=N\2
744,AN-153/I226294,CC(C)OC1=CC=C(C(=O)N/C2=C(\C#N)C3=C(CCCC3)S2)C=C1
745,AN-153/I280016,CCC1=CC=C(C(=O)N/C2=C(\C#N)C3=C(CCC3)S2)C=C1
746,AN-153/I226308,CCOC1=CC=C(C(=O)N/C2=C(\C#N)C3=C(CCC3)S2)C=C1
747,AT-139/J201993,CC1=CC(/C=C(C#N)\C2=N\C3=C(C=CC=C3)N2)=C(C)N1/C1=C(\C#N)C2=C(CCCC2)S1
748,AN-153/I137970,CC1=CC2=C(C=C1)N/C(SCC(=O)N/C1=C(\C#N)C3=C(CCCC3)S1)=N\2
749,AT-819/OC09036,COC1=CC=C(C(=O)NC(=S)N/C2=C(\C#N)C3=C(CCCC3)S2)C=C1
750,AN-153/I169830,N#C/C1=C(\NC(=O)CSC2=NC(=O)C=C(N)N2)SC2=C1CCCC2
751,AN-153/I162547,N#C/C1=C(\NC(=O)CSC2=NC(N)=CC(=O)N2)SC2=C1CCCC2
752,AN-153/I215686,CCCOC1=CC=C(C(=O)N/C2=C(\C#N)C3=C(CCC3)S2)C=C1
753,AN-153/I189190,N#C/C1=C(\NC(=O)CSC2=NC(N)=CC(O)=N2)SC2=C1CCCC2
754,AM-879/PD04571,CCN1C(CNC(=O)C2=CC=C(OC)C=C2)=NN=C1SCC(=O)N/C1=C(\C#N)C2=C(CCCC2)S1
755,AN-153/I178470,COC1=CC(C(=O)N/C2=C(\C#N)C3=C(CC(C)CC3)S2)=CC=C1
756,AN-153/I224048,CCCOC1=CC=CC(C(=O)N/C2=C(\C#N)C3=C(CCCC3)S2)=C1
757,AN-153/I226309,COC1=C(Cl)C=C(C(=O)N/C2=C(\C#N)C3=C(CCC3)S2)C=C1
758,AN-153/I144955,CCC(SC1=NC(C)=CC(C)=N1)C(=O)N/C1=C(\C#N)C2=C(CCCC2)S1
759,AT-225/NB84554,COC1=CC=C(C(=O)OC2=C(/C=N/NC(=O)C(=O)N/C3=C(\C#N)C4=C(CCCC4)S3)C=C(Br)C=C2)C=C1OC
760,AT-225/NB83042,N#C/C1=C(\NC(=O)C(=O)N/N=C/C2=CC(OC(=O)C3=CC=C(Cl)C=C3)=CC=C2)SC2=C1CCCC2
761,AN-153/I293283,N#C/C1=C(\NC(=O)C2=CC=C(C3=CC4=C(C=CC=C4)OC3=O)C=C2)SC2=C1CCCC2
762,AM-879/PD05140,CN1C(CNC(=O)C2=CC=C(Br)C=C2)=NN=C1SCC(=O)N/C1=C(\C#N)C2=C(CCCC2)S1
763,AN-153/I263452,CCC1=CC=C(C(=O)N(C(=O)C2=CC=C(CC)C=C2)/C2=C(\C#N)C3=C(CCC3)S2)C=C1
764,AN-153/I181360,N#C/C1=C(\NC(=O)C2=C/C3=C(\C=C/2)OCO3)SC2=C1CCC2
765,AT-687/SK06793,CCOC(=O)C1=C(CSC2=C3C(=NC=N2)SC2=C3CCC2)C(C#N)=C(N)S1
766,AN-153/I226295,COC1=C(Cl)C=C(C(=O)N/C2=C(\C#N)C3=C(CCCC3)S2)C=C1
767,AT-225/NB85496,CC1=CC(=O)NC(SCC(=O)N/C2=C(C#N)/C3=C(/CCCCCC3)S2)=N1
768,AN-153/I124583,CC(C)(C)C1CCC2=C(C1)SC(N)=C2C#N
769,AT-687/NB00958,CC(C)(C)C1CCC2=C(C1)SC(N)=C2C#N
770,AT-225/JK21267,CC(C)(C)C1CCC2=C(C1)SC(N)=C2C#N
771,AT-687/PE32216,CC(C)(C)C1CCC2=C(C1)SC(N)=C2C#N
772,AN-153/I181363,N#C/C1=C(\NC(=O)C2=CC=CO2)SC2=C1CCC2
773,AN-153/I181444,COC1=CC=C(O)C(/C=N/NC2=NN=C(SCC(=O)N/C3=C(\C#N)C4=C(CCC4)S3)N2)=C1
774,AN-153/I283858,CCC1=CC=C(C(=O)N(C(=O)C2=CC=C(CC)C=C2)/C2=C(\C#N)C3=C(CCCC3)S2)C=C1
775,AM-879/PD04763,COC1=CC=C(CC2=NN=C(SCC(=O)N/C3=C(\C#N)C4=C(CCCC4)S3)N2C)C=C1
776,AT-225/JK21280,CCC(C)(C)C1CCC2=C(C1)SC(N)=C2C#N
777,AT-687/PE23587,CC1=CC=C(C2CN3N=NC(C4=NOC(C5=NNC6=C5CCCC6)=N4)=C3CO2)C=C1
778,AN-153/I121211,N#C/C1=C(\NC(=O)C2=CC=C(F)C=C2)SC2=C1CCC2
779,AN-153/I280242,CC(C)(C)C1CCC2=C(C1)S/C(NC(=O)C1=CC=C(C3=CC4=CC=CC=C4OC3=O)C=C1)=C\2C#N
780,AN-153/I226310,CCOC1=C(Cl)C=C(C(=O)N/C2=C(\C#N)C3=C(CCC3)S2)C=C1
781,AN-153/I267370,N#C/C1=C(\NC(=O)CCSC2=NN=C(CN3N=NC4=C3C=CC=C4)N2C2=CC=CC=C2)SC2=C1CCCC2
782,AT-084/J162226,CC1CCC2=C(C1)SC(N)=C2C#N
783,AN-153/I124580,CC1CCC2=C(C1)SC(N)=C2C#N
784,AT-225/NB67650,COC1=CC=C(C(=O)OC2=C(/C=N/NC(=O)C(=O)N/C3=C(\C#N)C4=C(CCCC4)S3)C=C(Br)C=C2)C=C1
785,AM-879/PD04484,CCN1C(CNC(=O)C2=CC(OC)=C(OC)C=C2)=NN=C1SCC(=O)N/C1=C(\C#N)C2=C(CCCC2)S1
786,AM-879/PD12858,CN1C(CNC(=O)C2=CC=C(Cl)C=C2)=NN=C1SCC(=O)N/C1=C(\C#N)C2=C(CCCC2)S1
787,AN-153/I202580,COC1=CC=CC(C(=O)NC(=S)N/C2=C(\C#N)C3=C(CC(C)CC3)S2)=C1
788,AT-225/NB68781,N#C/C1=C(\NC(=O)C(=O)N/N=C/C2=C(OC(=O)C3=CC=C(Cl)C=C3)C=C(OC(=O)C3=CC=C(Cl)C=C3)C=C2)SC2=C1CCCC2
789,AN-153/I181373,COC1=CC(C(=O)N/C2=C(\C#N)C3=C(CCC3)S2)=CC(OC)=C1OC
790,AM-879/PD04512,N#C/C1=C(\NC(=O)CSC2=NN=C(CNC(=O)C3=CC=C(Cl)C=C3)N2C2=CC=CC=C2)SC2=C1CCCC2
791,AN-153/I250684,N#C/C1=C(\NC(=S)NC(=O)C2=CC=C(OCC3=CC=CC=C3)C=C2)SC2=C1CCC2
792,AT-225/NB79430,COC1=CC=C(C(=O)OC2=CC=C(/C=N/NC(=O)C(=O)N/C3=C(\C#N)C4=C(CCCC4)S3)C=C2)C=C1
793,AT-225/NB78968,CC1=CC=C(C(=O)OC2=CC=C(Br)C=C2/C=N/NC(=O)C(=O)N/C2=C(\C#N)C3=C(CCCC3)S2)C=C1
794,AT-225/NB79428,CCCCOC1=CC=C(C(=O)OC2=CC=C(/C=N/NC(=O)C(=O)N/C3=C(\C#N)C4=C(CCCC4)S3)C=C2OC)C=C1
795,AT-225/JK18545,N#CC1=C(N)SC2=C1CCN(CC1=CC=CC=C1)C2
796,AN-153/I178491,COC1=CC(OC)=CC(C(=O)N/C2=C(\C#N)C3=C(CC(C)CC3)S2)=C1
797,AN-153/NB12164,N#CC1=C(N)SC2=C1CCN(CC1=CC=CC=C1)C2
798,AM-879/PD00345,N#CC1=C(/N=C/C2=CC=CN2C2=CC=C(S(N)(=O)=O)C=C2)SC2=C1CCCC2
799,AT-225/JK21271,CCC1CCC2=C(C1)SC(N)=C2C#N
